ID,Business Name,Category,City,Country,Phone,Email,Lead Score,Status,WhatsApp Direct Link,Email Subject,WhatsApp Pitch
"APX-0001","Infosys Bangalore Campus & Development Center","Tech Enterprise / IT Park","Bangalore","India","+91 80 2852 0261","events@infosys.com","98","Ready for Outreach","https://wa.me/918028520261?text=Hi%20Infosys%20Bangalore%20Campus%20%26%20Development%20Center%20Leadership!%20%F0%9F%91%8B%20I%20am%20Ismail%20Kazia%2C%20Founder%20of%20GALICON.%20We%20deliver%20turnkey%20corporate%20event%20production%20across%20Bangalore%20(The%20Leela%20Palace%2C%20ITC%20Gardenia%2C%20BIEC)%20with%20curved%204K%20LED%20staging%2C%20concert%20sound%20%26%20VIP%20protocol.%20Planning%20any%20tech%20summit%20or%20team%20conclave%20this%20quarter%3F%20Let's%20connect!","Exclusive Corporate Summit & Staging Production for Infosys Bangalore Campus & Development Center (Bangalore)","Hi Infosys Bangalore Campus & Development Center Leadership! 👋 I am Ismail Kazia, Founder of GALICON. We deliver turnkey corporate event production across Bangalore (The Leela Palace, ITC Gardenia, BIEC) with curved 4K LED staging, concert sound & VIP protocol. Planning any tech summit or team conclave this quarter? Let's connect!"
"APX-0002","Wipro Technologies Corporate HQ","Tech Enterprise / IT Park","Bangalore","India","+91 80 2844 0011","corporate.events@wipro.com","96","Ready for Outreach","https://wa.me/918028440011?text=Hi%20Wipro%20Technologies%20Corporate%20HQ%20Leadership!%20%F0%9F%91%8B%20I%20am%20Ismail%20Kazia%2C%20Founder%20of%20GALICON.%20We%20deliver%20turnkey%20corporate%20event%20production%20across%20Bangalore%20(The%20Leela%20Palace%2C%20ITC%20Gardenia%2C%20BIEC)%20with%20curved%204K%20LED%20staging%2C%20concert%20sound%20%26%20VIP%20protocol.%20Planning%20any%20tech%20summit%20or%20team%20conclave%20this%20quarter%3F%20Let's%20connect!","Exclusive Corporate Summit & Staging Production for Wipro Technologies Corporate HQ (Bangalore)","Hi Wipro Technologies Corporate HQ Leadership! 👋 I am Ismail Kazia, Founder of GALICON. We deliver turnkey corporate event production across Bangalore (The Leela Palace, ITC Gardenia, BIEC) with curved 4K LED staging, concert sound & VIP protocol. Planning any tech summit or team conclave this quarter? Let's connect!"
"APX-0003","Razorpay Software Private Limited","Unicorn Tech Startup","Bangalore","India","+91 80 4666 9555","partnerships@razorpay.com","97","Ready for Outreach","https://wa.me/918046669555?text=Hi%20Razorpay%20Software%20Private%20Limited%20Leadership!%20%F0%9F%91%8B%20I%20am%20Ismail%20Kazia%2C%20Founder%20of%20GALICON.%20We%20deliver%20turnkey%20corporate%20event%20production%20across%20Bangalore%20(The%20Leela%20Palace%2C%20ITC%20Gardenia%2C%20BIEC)%20with%20curved%204K%20LED%20staging%2C%20concert%20sound%20%26%20VIP%20protocol.%20Planning%20any%20tech%20summit%20or%20team%20conclave%20this%20quarter%3F%20Let's%20connect!","Exclusive Corporate Summit & Staging Production for Razorpay Software Private Limited (Bangalore)","Hi Razorpay Software Private Limited Leadership! 👋 I am Ismail Kazia, Founder of GALICON. We deliver turnkey corporate event production across Bangalore (The Leela Palace, ITC Gardenia, BIEC) with curved 4K LED staging, concert sound & VIP protocol. Planning any tech summit or team conclave this quarter? Let's connect!"
"APX-0004","Swiggy HQ (Bundl Technologies)","Unicorn Tech Startup","Bangalore","India","+91 80 6746 6777","brand@swiggy.in","95","Ready for Outreach","https://wa.me/918067466777?text=Hi%20Swiggy%20HQ%20(Bundl%20Technologies)%20Leadership!%20%F0%9F%91%8B%20I%20am%20Ismail%20Kazia%2C%20Founder%20of%20GALICON.%20We%20deliver%20turnkey%20corporate%20event%20production%20across%20Bangalore%20(The%20Leela%20Palace%2C%20ITC%20Gardenia%2C%20BIEC)%20with%20curved%204K%20LED%20staging%2C%20concert%20sound%20%26%20VIP%20protocol.%20Planning%20any%20tech%20summit%20or%20team%20conclave%20this%20quarter%3F%20Let's%20connect!","Exclusive Corporate Summit & Staging Production for Swiggy HQ (Bundl Technologies) (Bangalore)","Hi Swiggy HQ (Bundl Technologies) Leadership! 👋 I am Ismail Kazia, Founder of GALICON. We deliver turnkey corporate event production across Bangalore (The Leela Palace, ITC Gardenia, BIEC) with curved 4K LED staging, concert sound & VIP protocol. Planning any tech summit or team conclave this quarter? Let's connect!"
"APX-0005","Zerodha Broking Limited","Fintech Unicorn","Bangalore","India","+91 80 4718 1888","press@zerodha.com","94","Ready for Outreach","https://wa.me/918047181888?text=Hi%20Zerodha%20Broking%20Limited%20Leadership!%20%F0%9F%91%8B%20I%20am%20Ismail%20Kazia%2C%20Founder%20of%20GALICON.%20We%20deliver%20turnkey%20corporate%20event%20production%20across%20Bangalore%20(The%20Leela%20Palace%2C%20ITC%20Gardenia%2C%20BIEC)%20with%20curved%204K%20LED%20staging%2C%20concert%20sound%20%26%20VIP%20protocol.%20Planning%20any%20tech%20summit%20or%20team%20conclave%20this%20quarter%3F%20Let's%20connect!","Exclusive Corporate Summit & Staging Production for Zerodha Broking Limited (Bangalore)","Hi Zerodha Broking Limited Leadership! 👋 I am Ismail Kazia, Founder of GALICON. We deliver turnkey corporate event production across Bangalore (The Leela Palace, ITC Gardenia, BIEC) with curved 4K LED staging, concert sound & VIP protocol. Planning any tech summit or team conclave this quarter? Let's connect!"
"APX-0006","The Leela Palace Bengaluru","Luxury 5-Star Hotel & Venue","Bangalore","India","+91 80 2521 1234","banquets.tlpb@theleela.com","99","Ready for Outreach","https://wa.me/918025211234?text=Hi%20The%20Leela%20Palace%20Bengaluru%20Leadership!%20%F0%9F%91%8B%20I%20am%20Ismail%20Kazia%2C%20Founder%20of%20GALICON.%20We%20deliver%20turnkey%20corporate%20event%20production%20across%20Bangalore%20(The%20Leela%20Palace%2C%20ITC%20Gardenia%2C%20BIEC)%20with%20curved%204K%20LED%20staging%2C%20concert%20sound%20%26%20VIP%20protocol.%20Planning%20any%20tech%20summit%20or%20team%20conclave%20this%20quarter%3F%20Let's%20connect!","Exclusive Corporate Summit & Staging Production for The Leela Palace Bengaluru (Bangalore)","Hi The Leela Palace Bengaluru Leadership! 👋 I am Ismail Kazia, Founder of GALICON. We deliver turnkey corporate event production across Bangalore (The Leela Palace, ITC Gardenia, BIEC) with curved 4K LED staging, concert sound & VIP protocol. Planning any tech summit or team conclave this quarter? Let's connect!"
"APX-0007","ITC Gardenia, a Luxury Collection Hotel","Luxury 5-Star Hotel & Venue","Bangalore","India","+91 80 2211 9898","events.itcgardenia@itchotels.in","98","Ready for Outreach","https://wa.me/918022119898?text=Hi%20ITC%20Gardenia%2C%20a%20Luxury%20Collection%20Hotel%20Leadership!%20%F0%9F%91%8B%20I%20am%20Ismail%20Kazia%2C%20Founder%20of%20GALICON.%20We%20deliver%20turnkey%20corporate%20event%20production%20across%20Bangalore%20(The%20Leela%20Palace%2C%20ITC%20Gardenia%2C%20BIEC)%20with%20curved%204K%20LED%20staging%2C%20concert%20sound%20%26%20VIP%20protocol.%20Planning%20any%20tech%20summit%20or%20team%20conclave%20this%20quarter%3F%20Let's%20connect!","Exclusive Corporate Summit & Staging Production for ITC Gardenia, a Luxury Collection Hotel (Bangalore)","Hi ITC Gardenia, a Luxury Collection Hotel Leadership! 👋 I am Ismail Kazia, Founder of GALICON. We deliver turnkey corporate event production across Bangalore (The Leela Palace, ITC Gardenia, BIEC) with curved 4K LED staging, concert sound & VIP protocol. Planning any tech summit or team conclave this quarter? Let's connect!"
"APX-0008","Taj West End, Bengaluru","Luxury 5-Star Hotel & Venue","Bangalore","India","+91 80 6660 5660","westend.bengaluru@tajhotels.com","97","Ready for Outreach","https://wa.me/918066605660?text=Hi%20Taj%20West%20End%2C%20Bengaluru%20Leadership!%20%F0%9F%91%8B%20I%20am%20Ismail%20Kazia%2C%20Founder%20of%20GALICON.%20We%20deliver%20turnkey%20corporate%20event%20production%20across%20Bangalore%20(The%20Leela%20Palace%2C%20ITC%20Gardenia%2C%20BIEC)%20with%20curved%204K%20LED%20staging%2C%20concert%20sound%20%26%20VIP%20protocol.%20Planning%20any%20tech%20summit%20or%20team%20conclave%20this%20quarter%3F%20Let's%20connect!","Exclusive Corporate Summit & Staging Production for Taj West End, Bengaluru (Bangalore)","Hi Taj West End, Bengaluru Leadership! 👋 I am Ismail Kazia, Founder of GALICON. We deliver turnkey corporate event production across Bangalore (The Leela Palace, ITC Gardenia, BIEC) with curved 4K LED staging, concert sound & VIP protocol. Planning any tech summit or team conclave this quarter? Let's connect!"
"APX-0009","WeWork Galaxy Bangalore","Coworking & Startup Summit Space","Bangalore","India","+91 80 4567 8900","galaxy.events@wework.co.in","92","Ready for Outreach","https://wa.me/918045678900?text=Hi%20WeWork%20Galaxy%20Bangalore%20Leadership!%20%F0%9F%91%8B%20I%20am%20Ismail%20Kazia%2C%20Founder%20of%20GALICON.%20We%20deliver%20turnkey%20corporate%20event%20production%20across%20Bangalore%20(The%20Leela%20Palace%2C%20ITC%20Gardenia%2C%20BIEC)%20with%20curved%204K%20LED%20staging%2C%20concert%20sound%20%26%20VIP%20protocol.%20Planning%20any%20tech%20summit%20or%20team%20conclave%20this%20quarter%3F%20Let's%20connect!","Exclusive Corporate Summit & Staging Production for WeWork Galaxy Bangalore (Bangalore)","Hi WeWork Galaxy Bangalore Leadership! 👋 I am Ismail Kazia, Founder of GALICON. We deliver turnkey corporate event production across Bangalore (The Leela Palace, ITC Gardenia, BIEC) with curved 4K LED staging, concert sound & VIP protocol. Planning any tech summit or team conclave this quarter? Let's connect!"
"APX-0010","91springboard Koramangala 7th Block","Coworking & Startup Summit Space","Bangalore","India","+91 80 4709 1191","blr.events@91springboard.com","90","Ready for Outreach","https://wa.me/918047091191?text=Hi%2091springboard%20Koramangala%207th%20Block%20Leadership!%20%F0%9F%91%8B%20I%20am%20Ismail%20Kazia%2C%20Founder%20of%20GALICON.%20We%20deliver%20turnkey%20corporate%20event%20production%20across%20Bangalore%20(The%20Leela%20Palace%2C%20ITC%20Gardenia%2C%20BIEC)%20with%20curved%204K%20LED%20staging%2C%20concert%20sound%20%26%20VIP%20protocol.%20Planning%20any%20tech%20summit%20or%20team%20conclave%20this%20quarter%3F%20Let's%20connect!","Exclusive Corporate Summit & Staging Production for 91springboard Koramangala 7th Block (Bangalore)","Hi 91springboard Koramangala 7th Block Leadership! 👋 I am Ismail Kazia, Founder of GALICON. We deliver turnkey corporate event production across Bangalore (The Leela Palace, ITC Gardenia, BIEC) with curved 4K LED staging, concert sound & VIP protocol. Planning any tech summit or team conclave this quarter? Let's connect!"
"APX-0011","Emaar Properties PJSC","Real Estate Developer","Dubai","UAE","+971 4 366 1688","enquiry@emaar.ae","99","Ready for Outreach","https://wa.me/97143661688?text=Hi%20Emaar%20Properties%20PJSC%20Team!%20%F0%9F%91%8B%20We%20help%20luxury%20brands%20%26%20real%20estate%20developers%20in%20Dubai%20acquire%20high-net-worth%20buyers%20through%20hyper-targeted%20performance%20funnels%20(verified%204.8x%20ROAS).%20Are%20you%20looking%20to%20scale%20buyer%20acquisition%20this%20month%3F","High-Net-Worth Buyer Acquisition Funnel for Emaar Properties PJSC (Dubai)","Hi Emaar Properties PJSC Team! 👋 We help luxury brands & real estate developers in Dubai acquire high-net-worth buyers through hyper-targeted performance funnels (verified 4.8x ROAS). Are you looking to scale buyer acquisition this month?"
"APX-0012","DAMAC Properties Group","Luxury Real Estate Brokerage","Dubai","UAE","+971 4 373 1000","marketing@damacgroup.com","96","Ready for Outreach","https://wa.me/97143731000?text=Hi%20DAMAC%20Properties%20Group%20Team!%20%F0%9F%91%8B%20We%20help%20luxury%20brands%20%26%20real%20estate%20developers%20in%20Dubai%20acquire%20high-net-worth%20buyers%20through%20hyper-targeted%20performance%20funnels%20(verified%204.8x%20ROAS).%20Are%20you%20looking%20to%20scale%20buyer%20acquisition%20this%20month%3F","High-Net-Worth Buyer Acquisition Funnel for DAMAC Properties Group (Dubai)","Hi DAMAC Properties Group Team! 👋 We help luxury brands & real estate developers in Dubai acquire high-net-worth buyers through hyper-targeted performance funnels (verified 4.8x ROAS). Are you looking to scale buyer acquisition this month?"
"APX-0013","Haus & Haus Real Estate Dubai","Luxury Real Estate Agency","Dubai","UAE","+971 4 321 5650","leads@hausandhaus.com","94","Ready for Outreach","https://wa.me/97143215650?text=Hi%20Haus%20%26%20Haus%20Real%20Estate%20Dubai%20Team!%20%F0%9F%91%8B%20We%20help%20luxury%20brands%20%26%20real%20estate%20developers%20in%20Dubai%20acquire%20high-net-worth%20buyers%20through%20hyper-targeted%20performance%20funnels%20(verified%204.8x%20ROAS).%20Are%20you%20looking%20to%20scale%20buyer%20acquisition%20this%20month%3F","High-Net-Worth Buyer Acquisition Funnel for Haus & Haus Real Estate Dubai (Dubai)","Hi Haus & Haus Real Estate Dubai Team! 👋 We help luxury brands & real estate developers in Dubai acquire high-net-worth buyers through hyper-targeted performance funnels (verified 4.8x ROAS). Are you looking to scale buyer acquisition this month?"
"APX-0014","Harley Street Dental Clinic London","Dental & Cosmetic Medical Clinic","London","UK","+44 20 7486 1059","reception@harleystreetdentalclinic.co.uk","95","Ready for Outreach","https://wa.me/442074861059?text=Hello%20Harley%20Street%20Dental%20Clinic%20London%20Team!%20%F0%9F%91%8B%20We%20help%20private%20medical%20%26%20aesthetic%20clinics%20in%20London%20generate%2025-35%20high-ticket%20consultation%20bookings%20every%20month%20through%20automated%20search%20%26%20paid%20media%20funnels.%20Would%20you%20be%20open%20to%20a%202-minute%20breakdown%3F","Predictable High-Ticket Patient Acquisition for Harley Street Dental Clinic London (London)","Hello Harley Street Dental Clinic London Team! 👋 We help private medical & aesthetic clinics in London generate 25-35 high-ticket consultation bookings every month through automated search & paid media funnels. Would you be open to a 2-minute breakdown?"
"APX-0015","London Aesthetic Clinic Harley St","Aesthetic Medical Centre","London","UK","+44 20 7935 6554","info@londonaestheticclinic.com","93","Ready for Outreach","https://wa.me/442079356554?text=Hello%20London%20Aesthetic%20Clinic%20Harley%20St%20Team!%20%F0%9F%91%8B%20We%20help%20private%20medical%20%26%20aesthetic%20clinics%20in%20London%20generate%2025-35%20high-ticket%20consultation%20bookings%20every%20month%20through%20automated%20search%20%26%20paid%20media%20funnels.%20Would%20you%20be%20open%20to%20a%202-minute%20breakdown%3F","Predictable High-Ticket Patient Acquisition for London Aesthetic Clinic Harley St (London)","Hello London Aesthetic Clinic Harley St Team! 👋 We help private medical & aesthetic clinics in London generate 25-35 high-ticket consultation bookings every month through automated search & paid media funnels. Would you be open to a 2-minute breakdown?"
"APX-0016","VaynerMedia New York","Tech & Performance Agency","New York","USA","+1 212 254 4734","newbusiness@vaynermedia.com","98","Ready for Outreach","https://wa.me/12122544734?text=Hi%20VaynerMedia%20New%20York%20Marketing%20Team!%20%F0%9F%91%8B%20We%20help%20high-growth%20companies%20in%20New%20York%20scale%20revenue%20with%20high-speed%20web%20apps%2C%20AI%20automation%20bots%20%26%20performance%20marketing.%20Are%20you%20planning%20any%20major%20scaling%20pushes%20this%20quarter%3F","Growth Engineering & AI Performance Funnels for VaynerMedia New York","Hi VaynerMedia New York Marketing Team! 👋 We help high-growth companies in New York scale revenue with high-speed web apps, AI automation bots & performance marketing. Are you planning any major scaling pushes this quarter?"
"APX-0017","Nykaa E-Retail Private Limited","E-commerce & Fashion Retail","Mumbai","India","+91 22 6614 9696","corporate@nykaa.com","95","Ready for Outreach","https://wa.me/912266149696?text=Hi%20Nykaa%20E-Retail%20Private%20Limited%20Marketing%20Team!%20%F0%9F%91%8B%20We%20help%20high-growth%20companies%20in%20Mumbai%20scale%20revenue%20with%20high-speed%20web%20apps%2C%20AI%20automation%20bots%20%26%20performance%20marketing.%20Are%20you%20planning%20any%20major%20scaling%20pushes%20this%20quarter%3F","Growth Engineering & AI Performance Funnels for Nykaa E-Retail Private Limited","Hi Nykaa E-Retail Private Limited Marketing Team! 👋 We help high-growth companies in Mumbai scale revenue with high-speed web apps, AI automation bots & performance marketing. Are you planning any major scaling pushes this quarter?"
"APX-0018","boAt Lifestyle (Imagine Marketing)","Direct-to-Consumer Brand","Mumbai","India","+91 22 4946 1882","info@imaginemarketingindia.com","94","Ready for Outreach","https://wa.me/912249461882?text=Hi%20boAt%20Lifestyle%20(Imagine%20Marketing)%20Marketing%20Team!%20%F0%9F%91%8B%20We%20help%20high-growth%20companies%20in%20Mumbai%20scale%20revenue%20with%20high-speed%20web%20apps%2C%20AI%20automation%20bots%20%26%20performance%20marketing.%20Are%20you%20planning%20any%20major%20scaling%20pushes%20this%20quarter%3F","Growth Engineering & AI Performance Funnels for boAt Lifestyle (Imagine Marketing)","Hi boAt Lifestyle (Imagine Marketing) Marketing Team! 👋 We help high-growth companies in Mumbai scale revenue with high-speed web apps, AI automation bots & performance marketing. Are you planning any major scaling pushes this quarter?"
"APX-0019","BYJU's (Think & Learn Pvt Ltd)","Edtech Unicorn","Bangalore","India","+91 80 4671 6800","corporate@byjus.com","96","Ready for Outreach","https://wa.me/918046716800?text=Hi%20BYJU's%20(Think%20%26%20Learn%20Pvt%20Ltd)%20Leadership!%20%F0%9F%91%8B%20I%20am%20Ismail%20Kazia%2C%20Founder%20of%20GALICON.%20We%20deliver%20turnkey%20corporate%20event%20production%20across%20Bangalore%20(The%20Leela%20Palace%2C%20ITC%20Gardenia%2C%20BIEC)%20with%20curved%204K%20LED%20staging%2C%20concert%20sound%20%26%20VIP%20protocol.%20Planning%20any%20tech%20summit%20or%20team%20conclave%20this%20quarter%3F%20Let's%20connect!","Exclusive Corporate Summit & Staging Production for BYJU's (Think & Learn Pvt Ltd) (Bangalore)","Hi BYJU's (Think & Learn Pvt Ltd) Leadership! 👋 I am Ismail Kazia, Founder of GALICON. We deliver turnkey corporate event production across Bangalore (The Leela Palace, ITC Gardenia, BIEC) with curved 4K LED staging, concert sound & VIP protocol. Planning any tech summit or team conclave this quarter? Let's connect!"
"APX-0020","PhonePe Private Limited","Fintech Startup","Bangalore","India","+91 80 6872 7374","events@phonepe.com","95","Ready for Outreach","https://wa.me/918068727374?text=Hi%20PhonePe%20Private%20Limited%20Leadership!%20%F0%9F%91%8B%20I%20am%20Ismail%20Kazia%2C%20Founder%20of%20GALICON.%20We%20deliver%20turnkey%20corporate%20event%20production%20across%20Bangalore%20(The%20Leela%20Palace%2C%20ITC%20Gardenia%2C%20BIEC)%20with%20curved%204K%20LED%20staging%2C%20concert%20sound%20%26%20VIP%20protocol.%20Planning%20any%20tech%20summit%20or%20team%20conclave%20this%20quarter%3F%20Let's%20connect!","Exclusive Corporate Summit & Staging Production for PhonePe Private Limited (Bangalore)","Hi PhonePe Private Limited Leadership! 👋 I am Ismail Kazia, Founder of GALICON. We deliver turnkey corporate event production across Bangalore (The Leela Palace, ITC Gardenia, BIEC) with curved 4K LED staging, concert sound & VIP protocol. Planning any tech summit or team conclave this quarter? Let's connect!"
"APX-0021","Flipkart Internet Pvt Ltd","E-commerce Giant","Bangalore","India","+91 80 4654 3555","corporate.events@flipkart.com","97","Ready for Outreach","https://wa.me/918046543555?text=Hi%20Flipkart%20Internet%20Pvt%20Ltd%20Leadership!%20%F0%9F%91%8B%20I%20am%20Ismail%20Kazia%2C%20Founder%20of%20GALICON.%20We%20deliver%20turnkey%20corporate%20event%20production%20across%20Bangalore%20(The%20Leela%20Palace%2C%20ITC%20Gardenia%2C%20BIEC)%20with%20curved%204K%20LED%20staging%2C%20concert%20sound%20%26%20VIP%20protocol.%20Planning%20any%20tech%20summit%20or%20team%20conclave%20this%20quarter%3F%20Let's%20connect!","Exclusive Corporate Summit & Staging Production for Flipkart Internet Pvt Ltd (Bangalore)","Hi Flipkart Internet Pvt Ltd Leadership! 👋 I am Ismail Kazia, Founder of GALICON. We deliver turnkey corporate event production across Bangalore (The Leela Palace, ITC Gardenia, BIEC) with curved 4K LED staging, concert sound & VIP protocol. Planning any tech summit or team conclave this quarter? Let's connect!"
"APX-0022","Ola Electric Mobility Limited","Mobility Unicorn","Bangalore","India","+91 80 6127 6000","events@olaelectric.com","94","Ready for Outreach","https://wa.me/918061276000?text=Hi%20Ola%20Electric%20Mobility%20Limited%20Leadership!%20%F0%9F%91%8B%20I%20am%20Ismail%20Kazia%2C%20Founder%20of%20GALICON.%20We%20deliver%20turnkey%20corporate%20event%20production%20across%20Bangalore%20(The%20Leela%20Palace%2C%20ITC%20Gardenia%2C%20BIEC)%20with%20curved%204K%20LED%20staging%2C%20concert%20sound%20%26%20VIP%20protocol.%20Planning%20any%20tech%20summit%20or%20team%20conclave%20this%20quarter%3F%20Let's%20connect!","Exclusive Corporate Summit & Staging Production for Ola Electric Mobility Limited (Bangalore)","Hi Ola Electric Mobility Limited Leadership! 👋 I am Ismail Kazia, Founder of GALICON. We deliver turnkey corporate event production across Bangalore (The Leela Palace, ITC Gardenia, BIEC) with curved 4K LED staging, concert sound & VIP protocol. Planning any tech summit or team conclave this quarter? Let's connect!"
"APX-0023","Freshworks Inc","SaaS Unicorn","Bangalore","India","+91 44 6667 8000","marketing@freshworks.com","93","Ready for Outreach","https://wa.me/914466678000?text=Hi%20Freshworks%20Inc%20Leadership!%20%F0%9F%91%8B%20I%20am%20Ismail%20Kazia%2C%20Founder%20of%20GALICON.%20We%20deliver%20turnkey%20corporate%20event%20production%20across%20Bangalore%20(The%20Leela%20Palace%2C%20ITC%20Gardenia%2C%20BIEC)%20with%20curved%204K%20LED%20staging%2C%20concert%20sound%20%26%20VIP%20protocol.%20Planning%20any%20tech%20summit%20or%20team%20conclave%20this%20quarter%3F%20Let's%20connect!","Exclusive Corporate Summit & Staging Production for Freshworks Inc (Bangalore)","Hi Freshworks Inc Leadership! 👋 I am Ismail Kazia, Founder of GALICON. We deliver turnkey corporate event production across Bangalore (The Leela Palace, ITC Gardenia, BIEC) with curved 4K LED staging, concert sound & VIP protocol. Planning any tech summit or team conclave this quarter? Let's connect!"
"APX-0024","Practo Technologies Pvt Ltd","Health Tech","Bangalore","India","+91 80 4568 0070","events@practo.com","91","Ready for Outreach","https://wa.me/918045680070?text=Hi%20Practo%20Technologies%20Pvt%20Ltd%20Leadership!%20%F0%9F%91%8B%20I%20am%20Ismail%20Kazia%2C%20Founder%20of%20GALICON.%20We%20deliver%20turnkey%20corporate%20event%20production%20across%20Bangalore%20(The%20Leela%20Palace%2C%20ITC%20Gardenia%2C%20BIEC)%20with%20curved%204K%20LED%20staging%2C%20concert%20sound%20%26%20VIP%20protocol.%20Planning%20any%20tech%20summit%20or%20team%20conclave%20this%20quarter%3F%20Let's%20connect!","Exclusive Corporate Summit & Staging Production for Practo Technologies Pvt Ltd (Bangalore)","Hi Practo Technologies Pvt Ltd Leadership! 👋 I am Ismail Kazia, Founder of GALICON. We deliver turnkey corporate event production across Bangalore (The Leela Palace, ITC Gardenia, BIEC) with curved 4K LED staging, concert sound & VIP protocol. Planning any tech summit or team conclave this quarter? Let's connect!"
"APX-0025","MPL (Mobile Premier League)","Gaming & Tech","Bangalore","India","+91 80 6900 5555","brand@mpl.live","92","Ready for Outreach","https://wa.me/918069005555?text=Hi%20MPL%20(Mobile%20Premier%20League)%20Leadership!%20%F0%9F%91%8B%20I%20am%20Ismail%20Kazia%2C%20Founder%20of%20GALICON.%20We%20deliver%20turnkey%20corporate%20event%20production%20across%20Bangalore%20(The%20Leela%20Palace%2C%20ITC%20Gardenia%2C%20BIEC)%20with%20curved%204K%20LED%20staging%2C%20concert%20sound%20%26%20VIP%20protocol.%20Planning%20any%20tech%20summit%20or%20team%20conclave%20this%20quarter%3F%20Let's%20connect!","Exclusive Corporate Summit & Staging Production for MPL (Mobile Premier League) (Bangalore)","Hi MPL (Mobile Premier League) Leadership! 👋 I am Ismail Kazia, Founder of GALICON. We deliver turnkey corporate event production across Bangalore (The Leela Palace, ITC Gardenia, BIEC) with curved 4K LED staging, concert sound & VIP protocol. Planning any tech summit or team conclave this quarter? Let's connect!"
"APX-0026","SAP Labs India Pvt Ltd","Enterprise Software","Bangalore","India","+91 80 3967 8000","events.india@sap.com","95","Ready for Outreach","https://wa.me/918039678000?text=Hi%20SAP%20Labs%20India%20Pvt%20Ltd%20Leadership!%20%F0%9F%91%8B%20I%20am%20Ismail%20Kazia%2C%20Founder%20of%20GALICON.%20We%20deliver%20turnkey%20corporate%20event%20production%20across%20Bangalore%20(The%20Leela%20Palace%2C%20ITC%20Gardenia%2C%20BIEC)%20with%20curved%204K%20LED%20staging%2C%20concert%20sound%20%26%20VIP%20protocol.%20Planning%20any%20tech%20summit%20or%20team%20conclave%20this%20quarter%3F%20Let's%20connect!","Exclusive Corporate Summit & Staging Production for SAP Labs India Pvt Ltd (Bangalore)","Hi SAP Labs India Pvt Ltd Leadership! 👋 I am Ismail Kazia, Founder of GALICON. We deliver turnkey corporate event production across Bangalore (The Leela Palace, ITC Gardenia, BIEC) with curved 4K LED staging, concert sound & VIP protocol. Planning any tech summit or team conclave this quarter? Let's connect!"
"APX-0027","IBM India Pvt Ltd","Tech Enterprise","Bangalore","India","+91 80 4175 7000","india_events@ibm.com","94","Ready for Outreach","https://wa.me/918041757000?text=Hi%20IBM%20India%20Pvt%20Ltd%20Leadership!%20%F0%9F%91%8B%20I%20am%20Ismail%20Kazia%2C%20Founder%20of%20GALICON.%20We%20deliver%20turnkey%20corporate%20event%20production%20across%20Bangalore%20(The%20Leela%20Palace%2C%20ITC%20Gardenia%2C%20BIEC)%20with%20curved%204K%20LED%20staging%2C%20concert%20sound%20%26%20VIP%20protocol.%20Planning%20any%20tech%20summit%20or%20team%20conclave%20this%20quarter%3F%20Let's%20connect!","Exclusive Corporate Summit & Staging Production for IBM India Pvt Ltd (Bangalore)","Hi IBM India Pvt Ltd Leadership! 👋 I am Ismail Kazia, Founder of GALICON. We deliver turnkey corporate event production across Bangalore (The Leela Palace, ITC Gardenia, BIEC) with curved 4K LED staging, concert sound & VIP protocol. Planning any tech summit or team conclave this quarter? Let's connect!"
"APX-0028","Toyota Kirloskar Motor Pvt Ltd","EV & Automotive","Bangalore","India","+91 80 2295 6300","corporate@toyotabharat.com","90","Ready for Outreach","https://wa.me/918022956300?text=Hi%20Toyota%20Kirloskar%20Motor%20Pvt%20Ltd%20Leadership!%20%F0%9F%91%8B%20I%20am%20Ismail%20Kazia%2C%20Founder%20of%20GALICON.%20We%20deliver%20turnkey%20corporate%20event%20production%20across%20Bangalore%20(The%20Leela%20Palace%2C%20ITC%20Gardenia%2C%20BIEC)%20with%20curved%204K%20LED%20staging%2C%20concert%20sound%20%26%20VIP%20protocol.%20Planning%20any%20tech%20summit%20or%20team%20conclave%20this%20quarter%3F%20Let's%20connect!","Exclusive Corporate Summit & Staging Production for Toyota Kirloskar Motor Pvt Ltd (Bangalore)","Hi Toyota Kirloskar Motor Pvt Ltd Leadership! 👋 I am Ismail Kazia, Founder of GALICON. We deliver turnkey corporate event production across Bangalore (The Leela Palace, ITC Gardenia, BIEC) with curved 4K LED staging, concert sound & VIP protocol. Planning any tech summit or team conclave this quarter? Let's connect!"
"APX-0029","Hindustan Aeronautics Limited (HAL)","Aerospace & Defense","Bangalore","India","+91 80 2232 2388","corporatecomm@hal-india.co.in","92","Ready for Outreach","https://wa.me/918022322388?text=Hi%20Hindustan%20Aeronautics%20Limited%20(HAL)%20Leadership!%20%F0%9F%91%8B%20I%20am%20Ismail%20Kazia%2C%20Founder%20of%20GALICON.%20We%20deliver%20turnkey%20corporate%20event%20production%20across%20Bangalore%20(The%20Leela%20Palace%2C%20ITC%20Gardenia%2C%20BIEC)%20with%20curved%204K%20LED%20staging%2C%20concert%20sound%20%26%20VIP%20protocol.%20Planning%20any%20tech%20summit%20or%20team%20conclave%20this%20quarter%3F%20Let's%20connect!","Exclusive Corporate Summit & Staging Production for Hindustan Aeronautics Limited (HAL) (Bangalore)","Hi Hindustan Aeronautics Limited (HAL) Leadership! 👋 I am Ismail Kazia, Founder of GALICON. We deliver turnkey corporate event production across Bangalore (The Leela Palace, ITC Gardenia, BIEC) with curved 4K LED staging, concert sound & VIP protocol. Planning any tech summit or team conclave this quarter? Let's connect!"
"APX-0030","Goldman Sachs India Services","Investment Bank","Bangalore","India","+91 80 6798 0000","india.events@gs.com","97","Ready for Outreach","https://wa.me/918067980000?text=Hi%20Goldman%20Sachs%20India%20Services%20Leadership!%20%F0%9F%91%8B%20I%20am%20Ismail%20Kazia%2C%20Founder%20of%20GALICON.%20We%20deliver%20turnkey%20corporate%20event%20production%20across%20Bangalore%20(The%20Leela%20Palace%2C%20ITC%20Gardenia%2C%20BIEC)%20with%20curved%204K%20LED%20staging%2C%20concert%20sound%20%26%20VIP%20protocol.%20Planning%20any%20tech%20summit%20or%20team%20conclave%20this%20quarter%3F%20Let's%20connect!","Exclusive Corporate Summit & Staging Production for Goldman Sachs India Services (Bangalore)","Hi Goldman Sachs India Services Leadership! 👋 I am Ismail Kazia, Founder of GALICON. We deliver turnkey corporate event production across Bangalore (The Leela Palace, ITC Gardenia, BIEC) with curved 4K LED staging, concert sound & VIP protocol. Planning any tech summit or team conclave this quarter? Let's connect!"
"APX-0031","McKinsey & Company India","Consulting Giant","Bangalore","India","+91 80 4118 6000","india_events@mckinsey.com","98","Ready for Outreach","https://wa.me/918041186000?text=Hi%20McKinsey%20%26%20Company%20India%20Leadership!%20%F0%9F%91%8B%20I%20am%20Ismail%20Kazia%2C%20Founder%20of%20GALICON.%20We%20deliver%20turnkey%20corporate%20event%20production%20across%20Bangalore%20(The%20Leela%20Palace%2C%20ITC%20Gardenia%2C%20BIEC)%20with%20curved%204K%20LED%20staging%2C%20concert%20sound%20%26%20VIP%20protocol.%20Planning%20any%20tech%20summit%20or%20team%20conclave%20this%20quarter%3F%20Let's%20connect!","Exclusive Corporate Summit & Staging Production for McKinsey & Company India (Bangalore)","Hi McKinsey & Company India Leadership! 👋 I am Ismail Kazia, Founder of GALICON. We deliver turnkey corporate event production across Bangalore (The Leela Palace, ITC Gardenia, BIEC) with curved 4K LED staging, concert sound & VIP protocol. Planning any tech summit or team conclave this quarter? Let's connect!"
"APX-0032","Biocon Limited","Biotech & Pharma","Bangalore","India","+91 80 2808 2808","events@biocon.com","93","Ready for Outreach","https://wa.me/918028082808?text=Hi%20Biocon%20Limited%20Leadership!%20%F0%9F%91%8B%20I%20am%20Ismail%20Kazia%2C%20Founder%20of%20GALICON.%20We%20deliver%20turnkey%20corporate%20event%20production%20across%20Bangalore%20(The%20Leela%20Palace%2C%20ITC%20Gardenia%2C%20BIEC)%20with%20curved%204K%20LED%20staging%2C%20concert%20sound%20%26%20VIP%20protocol.%20Planning%20any%20tech%20summit%20or%20team%20conclave%20this%20quarter%3F%20Let's%20connect!","Exclusive Corporate Summit & Staging Production for Biocon Limited (Bangalore)","Hi Biocon Limited Leadership! 👋 I am Ismail Kazia, Founder of GALICON. We deliver turnkey corporate event production across Bangalore (The Leela Palace, ITC Gardenia, BIEC) with curved 4K LED staging, concert sound & VIP protocol. Planning any tech summit or team conclave this quarter? Let's connect!"
"APX-0033","Marriott Bengaluru Whitefield","Luxury Hotel Venue","Bangalore","India","+91 80 4947 7777","events.blrw@marriott.com","95","Ready for Outreach","https://wa.me/918049477777?text=Hi%20Marriott%20Bengaluru%20Whitefield%20Leadership!%20%F0%9F%91%8B%20I%20am%20Ismail%20Kazia%2C%20Founder%20of%20GALICON.%20We%20deliver%20turnkey%20corporate%20event%20production%20across%20Bangalore%20(The%20Leela%20Palace%2C%20ITC%20Gardenia%2C%20BIEC)%20with%20curved%204K%20LED%20staging%2C%20concert%20sound%20%26%20VIP%20protocol.%20Planning%20any%20tech%20summit%20or%20team%20conclave%20this%20quarter%3F%20Let's%20connect!","Exclusive Corporate Summit & Staging Production for Marriott Bengaluru Whitefield (Bangalore)","Hi Marriott Bengaluru Whitefield Leadership! 👋 I am Ismail Kazia, Founder of GALICON. We deliver turnkey corporate event production across Bangalore (The Leela Palace, ITC Gardenia, BIEC) with curved 4K LED staging, concert sound & VIP protocol. Planning any tech summit or team conclave this quarter? Let's connect!"
"APX-0034","JW Marriott Bengaluru Prestige Golfshire","Luxury Hotel Venue","Bangalore","India","+91 80 2846 1234","events.blrpg@marriott.com","96","Ready for Outreach","https://wa.me/918028461234?text=Hi%20JW%20Marriott%20Bengaluru%20Prestige%20Golfshire%20Leadership!%20%F0%9F%91%8B%20I%20am%20Ismail%20Kazia%2C%20Founder%20of%20GALICON.%20We%20deliver%20turnkey%20corporate%20event%20production%20across%20Bangalore%20(The%20Leela%20Palace%2C%20ITC%20Gardenia%2C%20BIEC)%20with%20curved%204K%20LED%20staging%2C%20concert%20sound%20%26%20VIP%20protocol.%20Planning%20any%20tech%20summit%20or%20team%20conclave%20this%20quarter%3F%20Let's%20connect!","Exclusive Corporate Summit & Staging Production for JW Marriott Bengaluru Prestige Golfshire (Bangalore)","Hi JW Marriott Bengaluru Prestige Golfshire Leadership! 👋 I am Ismail Kazia, Founder of GALICON. We deliver turnkey corporate event production across Bangalore (The Leela Palace, ITC Gardenia, BIEC) with curved 4K LED staging, concert sound & VIP protocol. Planning any tech summit or team conclave this quarter? Let's connect!"
"APX-0035","Bangalore International Exhibition Centre (BIEC)","Convention Centre","Bangalore","India","+91 80 4900 3000","events@biec.in","97","Ready for Outreach","https://wa.me/918049003000?text=Hi%20Bangalore%20International%20Exhibition%20Centre%20(BIEC)%20Leadership!%20%F0%9F%91%8B%20I%20am%20Ismail%20Kazia%2C%20Founder%20of%20GALICON.%20We%20deliver%20turnkey%20corporate%20event%20production%20across%20Bangalore%20(The%20Leela%20Palace%2C%20ITC%20Gardenia%2C%20BIEC)%20with%20curved%204K%20LED%20staging%2C%20concert%20sound%20%26%20VIP%20protocol.%20Planning%20any%20tech%20summit%20or%20team%20conclave%20this%20quarter%3F%20Let's%20connect!","Exclusive Corporate Summit & Staging Production for Bangalore International Exhibition Centre (BIEC) (Bangalore)","Hi Bangalore International Exhibition Centre (BIEC) Leadership! 👋 I am Ismail Kazia, Founder of GALICON. We deliver turnkey corporate event production across Bangalore (The Leela Palace, ITC Gardenia, BIEC) with curved 4K LED staging, concert sound & VIP protocol. Planning any tech summit or team conclave this quarter? Let's connect!"
"APX-0036","Awfis Space Solutions Koramangala","Coworking","Bangalore","India","+91 22 6628 1600","blr.events@awfis.com","89","Ready for Outreach","https://wa.me/912266281600?text=Hi%20Awfis%20Space%20Solutions%20Koramangala%20Leadership!%20%F0%9F%91%8B%20I%20am%20Ismail%20Kazia%2C%20Founder%20of%20GALICON.%20We%20deliver%20turnkey%20corporate%20event%20production%20across%20Bangalore%20(The%20Leela%20Palace%2C%20ITC%20Gardenia%2C%20BIEC)%20with%20curved%204K%20LED%20staging%2C%20concert%20sound%20%26%20VIP%20protocol.%20Planning%20any%20tech%20summit%20or%20team%20conclave%20this%20quarter%3F%20Let's%20connect!","Exclusive Corporate Summit & Staging Production for Awfis Space Solutions Koramangala (Bangalore)","Hi Awfis Space Solutions Koramangala Leadership! 👋 I am Ismail Kazia, Founder of GALICON. We deliver turnkey corporate event production across Bangalore (The Leela Palace, ITC Gardenia, BIEC) with curved 4K LED staging, concert sound & VIP protocol. Planning any tech summit or team conclave this quarter? Let's connect!"
"APX-0037","NASSCOM CoE Bangalore","Startup Ecosystem","Bangalore","India","+91 80 2238 4103","events@nasscom.in","91","Ready for Outreach","https://wa.me/918022384103?text=Hi%20NASSCOM%20CoE%20Bangalore%20Leadership!%20%F0%9F%91%8B%20I%20am%20Ismail%20Kazia%2C%20Founder%20of%20GALICON.%20We%20deliver%20turnkey%20corporate%20event%20production%20across%20Bangalore%20(The%20Leela%20Palace%2C%20ITC%20Gardenia%2C%20BIEC)%20with%20curved%204K%20LED%20staging%2C%20concert%20sound%20%26%20VIP%20protocol.%20Planning%20any%20tech%20summit%20or%20team%20conclave%20this%20quarter%3F%20Let's%20connect!","Exclusive Corporate Summit & Staging Production for NASSCOM CoE Bangalore (Bangalore)","Hi NASSCOM CoE Bangalore Leadership! 👋 I am Ismail Kazia, Founder of GALICON. We deliver turnkey corporate event production across Bangalore (The Leela Palace, ITC Gardenia, BIEC) with curved 4K LED staging, concert sound & VIP protocol. Planning any tech summit or team conclave this quarter? Let's connect!"
"APX-0038","HDFC Bank Koramangala Region","Banking & Finance","Bangalore","India","+91 80 4152 3000","events.southzone@hdfcbank.com","91","Ready for Outreach","https://wa.me/918041523000?text=Hi%20HDFC%20Bank%20Koramangala%20Region%20Leadership!%20%F0%9F%91%8B%20I%20am%20Ismail%20Kazia%2C%20Founder%20of%20GALICON.%20We%20deliver%20turnkey%20corporate%20event%20production%20across%20Bangalore%20(The%20Leela%20Palace%2C%20ITC%20Gardenia%2C%20BIEC)%20with%20curved%204K%20LED%20staging%2C%20concert%20sound%20%26%20VIP%20protocol.%20Planning%20any%20tech%20summit%20or%20team%20conclave%20this%20quarter%3F%20Let's%20connect!","Exclusive Corporate Summit & Staging Production for HDFC Bank Koramangala Region (Bangalore)","Hi HDFC Bank Koramangala Region Leadership! 👋 I am Ismail Kazia, Founder of GALICON. We deliver turnkey corporate event production across Bangalore (The Leela Palace, ITC Gardenia, BIEC) with curved 4K LED staging, concert sound & VIP protocol. Planning any tech summit or team conclave this quarter? Let's connect!"
"APX-0039","Meraas Holding LLC","Luxury Real Estate Developer","Dubai","UAE","+971 4 317 3999","marketing@meraas.ae","95","Ready for Outreach","https://wa.me/97143173999?text=Hi%20Meraas%20Holding%20LLC%20Team!%20%F0%9F%91%8B%20We%20help%20luxury%20brands%20%26%20real%20estate%20developers%20in%20Dubai%20acquire%20high-net-worth%20buyers%20through%20hyper-targeted%20performance%20funnels%20(verified%204.8x%20ROAS).%20Are%20you%20looking%20to%20scale%20buyer%20acquisition%20this%20month%3F","High-Net-Worth Buyer Acquisition Funnel for Meraas Holding LLC (Dubai)","Hi Meraas Holding LLC Team! 👋 We help luxury brands & real estate developers in Dubai acquire high-net-worth buyers through hyper-targeted performance funnels (verified 4.8x ROAS). Are you looking to scale buyer acquisition this month?"
"APX-0040","Nakheel Properties","Luxury Real Estate Developer","Dubai","UAE","+971 4 390 3333","sales@nakheel.com","97","Ready for Outreach","https://wa.me/97143903333?text=Hi%20Nakheel%20Properties%20Team!%20%F0%9F%91%8B%20We%20help%20luxury%20brands%20%26%20real%20estate%20developers%20in%20Dubai%20acquire%20high-net-worth%20buyers%20through%20hyper-targeted%20performance%20funnels%20(verified%204.8x%20ROAS).%20Are%20you%20looking%20to%20scale%20buyer%20acquisition%20this%20month%3F","High-Net-Worth Buyer Acquisition Funnel for Nakheel Properties (Dubai)","Hi Nakheel Properties Team! 👋 We help luxury brands & real estate developers in Dubai acquire high-net-worth buyers through hyper-targeted performance funnels (verified 4.8x ROAS). Are you looking to scale buyer acquisition this month?"
"APX-0041","Aldar Properties PJSC","Luxury Real Estate Developer","Abu Dhabi","UAE","+971 2 810 5555","marketing@aldar.com","96","Ready for Outreach","https://wa.me/97128105555?text=Hi%20Aldar%20Properties%20PJSC%20Team!%20%F0%9F%91%8B%20We%20help%20luxury%20brands%20%26%20real%20estate%20developers%20in%20Abu%20Dhabi%20acquire%20high-net-worth%20buyers%20through%20hyper-targeted%20performance%20funnels%20(verified%204.8x%20ROAS).%20Are%20you%20looking%20to%20scale%20buyer%20acquisition%20this%20month%3F","High-Net-Worth Buyer Acquisition Funnel for Aldar Properties PJSC (Abu Dhabi)","Hi Aldar Properties PJSC Team! 👋 We help luxury brands & real estate developers in Abu Dhabi acquire high-net-worth buyers through hyper-targeted performance funnels (verified 4.8x ROAS). Are you looking to scale buyer acquisition this month?"
"APX-0042","Jumeirah Group (Burj Al Arab)","Luxury Hospitality","Dubai","UAE","+971 4 301 7777","prjumeirah@jumeirah.com","99","Ready for Outreach","https://wa.me/97143017777?text=Hi%20Jumeirah%20Group%20(Burj%20Al%20Arab)%20Team!%20%F0%9F%91%8B%20We%20help%20luxury%20brands%20%26%20real%20estate%20developers%20in%20Dubai%20acquire%20high-net-worth%20buyers%20through%20hyper-targeted%20performance%20funnels%20(verified%204.8x%20ROAS).%20Are%20you%20looking%20to%20scale%20buyer%20acquisition%20this%20month%3F","High-Net-Worth Buyer Acquisition Funnel for Jumeirah Group (Burj Al Arab) (Dubai)","Hi Jumeirah Group (Burj Al Arab) Team! 👋 We help luxury brands & real estate developers in Dubai acquire high-net-worth buyers through hyper-targeted performance funnels (verified 4.8x ROAS). Are you looking to scale buyer acquisition this month?"
"APX-0043","Atlantis The Palm Dubai","Hospitality & Luxury Hotel","Dubai","UAE","+971 4 426 2000","marketing@atlantis.com","94","Ready for Outreach","https://wa.me/97144262000?text=Hi%20Atlantis%20The%20Palm%20Dubai%20Team!%20%F0%9F%91%8B%20We%20help%20luxury%20brands%20%26%20real%20estate%20developers%20in%20Dubai%20acquire%20high-net-worth%20buyers%20through%20hyper-targeted%20performance%20funnels%20(verified%204.8x%20ROAS).%20Are%20you%20looking%20to%20scale%20buyer%20acquisition%20this%20month%3F","High-Net-Worth Buyer Acquisition Funnel for Atlantis The Palm Dubai (Dubai)","Hi Atlantis The Palm Dubai Team! 👋 We help luxury brands & real estate developers in Dubai acquire high-net-worth buyers through hyper-targeted performance funnels (verified 4.8x ROAS). Are you looking to scale buyer acquisition this month?"
"APX-0044","Al-Futtaim Group","Automotive Luxury","Dubai","UAE","+971 4 213 6613","marketing@alfuttaim.ae","93","Ready for Outreach","https://wa.me/97142136613?text=Hi%20Al-Futtaim%20Group%20Team!%20%F0%9F%91%8B%20We%20help%20luxury%20brands%20%26%20real%20estate%20developers%20in%20Dubai%20acquire%20high-net-worth%20buyers%20through%20hyper-targeted%20performance%20funnels%20(verified%204.8x%20ROAS).%20Are%20you%20looking%20to%20scale%20buyer%20acquisition%20this%20month%3F","High-Net-Worth Buyer Acquisition Funnel for Al-Futtaim Group (Dubai)","Hi Al-Futtaim Group Team! 👋 We help luxury brands & real estate developers in Dubai acquire high-net-worth buyers through hyper-targeted performance funnels (verified 4.8x ROAS). Are you looking to scale buyer acquisition this month?"
"APX-0045","Mediclinic Middle East","Healthcare Private","Abu Dhabi","UAE","+971 4 435 9999","marketing@mediclinic.ae","92","Ready for Outreach","https://wa.me/97144359999?text=Hi%20Mediclinic%20Middle%20East%20Team!%20%F0%9F%91%8B%20We%20help%20luxury%20brands%20%26%20real%20estate%20developers%20in%20Abu%20Dhabi%20acquire%20high-net-worth%20buyers%20through%20hyper-targeted%20performance%20funnels%20(verified%204.8x%20ROAS).%20Are%20you%20looking%20to%20scale%20buyer%20acquisition%20this%20month%3F","High-Net-Worth Buyer Acquisition Funnel for Mediclinic Middle East (Abu Dhabi)","Hi Mediclinic Middle East Team! 👋 We help luxury brands & real estate developers in Abu Dhabi acquire high-net-worth buyers through hyper-targeted performance funnels (verified 4.8x ROAS). Are you looking to scale buyer acquisition this month?"
"APX-0046","GEMS Education Dubai","Education Group","Dubai","UAE","+971 4 373 9000","marketing@gemseducation.com","90","Ready for Outreach","https://wa.me/97143739000?text=Hi%20GEMS%20Education%20Dubai%20Team!%20%F0%9F%91%8B%20We%20help%20luxury%20brands%20%26%20real%20estate%20developers%20in%20Dubai%20acquire%20high-net-worth%20buyers%20through%20hyper-targeted%20performance%20funnels%20(verified%204.8x%20ROAS).%20Are%20you%20looking%20to%20scale%20buyer%20acquisition%20this%20month%3F","High-Net-Worth Buyer Acquisition Funnel for GEMS Education Dubai (Dubai)","Hi GEMS Education Dubai Team! 👋 We help luxury brands & real estate developers in Dubai acquire high-net-worth buyers through hyper-targeted performance funnels (verified 4.8x ROAS). Are you looking to scale buyer acquisition this month?"
"APX-0047","Sobha Realty Dubai","Luxury Real Estate","Dubai","UAE","+971 4 368 1000","sales@sobharealty.com","94","Ready for Outreach","https://wa.me/97143681000?text=Hi%20Sobha%20Realty%20Dubai%20Team!%20%F0%9F%91%8B%20We%20help%20luxury%20brands%20%26%20real%20estate%20developers%20in%20Dubai%20acquire%20high-net-worth%20buyers%20through%20hyper-targeted%20performance%20funnels%20(verified%204.8x%20ROAS).%20Are%20you%20looking%20to%20scale%20buyer%20acquisition%20this%20month%3F","High-Net-Worth Buyer Acquisition Funnel for Sobha Realty Dubai (Dubai)","Hi Sobha Realty Dubai Team! 👋 We help luxury brands & real estate developers in Dubai acquire high-net-worth buyers through hyper-targeted performance funnels (verified 4.8x ROAS). Are you looking to scale buyer acquisition this month?"
"APX-0048","G42 AI Abu Dhabi","Tech & AI Company","Abu Dhabi","UAE","+971 2 611 8000","marketing@g42.ai","96","Ready for Outreach","https://wa.me/97126118000?text=Hi%20G42%20AI%20Abu%20Dhabi%20Team!%20%F0%9F%91%8B%20We%20help%20luxury%20brands%20%26%20real%20estate%20developers%20in%20Abu%20Dhabi%20acquire%20high-net-worth%20buyers%20through%20hyper-targeted%20performance%20funnels%20(verified%204.8x%20ROAS).%20Are%20you%20looking%20to%20scale%20buyer%20acquisition%20this%20month%3F","High-Net-Worth Buyer Acquisition Funnel for G42 AI Abu Dhabi (Abu Dhabi)","Hi G42 AI Abu Dhabi Team! 👋 We help luxury brands & real estate developers in Abu Dhabi acquire high-net-worth buyers through hyper-targeted performance funnels (verified 4.8x ROAS). Are you looking to scale buyer acquisition this month?"
"APX-0049","Noon.com Dubai","Ecommerce Middle East","Dubai","UAE","+971 4 554 7101","marketing@noon.com","93","Ready for Outreach","https://wa.me/97145547101?text=Hi%20Noon.com%20Dubai%20Team!%20%F0%9F%91%8B%20We%20help%20luxury%20brands%20%26%20real%20estate%20developers%20in%20Dubai%20acquire%20high-net-worth%20buyers%20through%20hyper-targeted%20performance%20funnels%20(verified%204.8x%20ROAS).%20Are%20you%20looking%20to%20scale%20buyer%20acquisition%20this%20month%3F","High-Net-Worth Buyer Acquisition Funnel for Noon.com Dubai (Dubai)","Hi Noon.com Dubai Team! 👋 We help luxury brands & real estate developers in Dubai acquire high-net-worth buyers through hyper-targeted performance funnels (verified 4.8x ROAS). Are you looking to scale buyer acquisition this month?"
"APX-0050","Chalhoub Group Dubai","Fashion & Retail","Dubai","UAE","+971 4 299 5000","marketing@chalhoubgroup.com","91","Ready for Outreach","https://wa.me/97142995000?text=Hi%20Chalhoub%20Group%20Dubai%20Team!%20%F0%9F%91%8B%20We%20help%20luxury%20brands%20%26%20real%20estate%20developers%20in%20Dubai%20acquire%20high-net-worth%20buyers%20through%20hyper-targeted%20performance%20funnels%20(verified%204.8x%20ROAS).%20Are%20you%20looking%20to%20scale%20buyer%20acquisition%20this%20month%3F","High-Net-Worth Buyer Acquisition Funnel for Chalhoub Group Dubai (Dubai)","Hi Chalhoub Group Dubai Team! 👋 We help luxury brands & real estate developers in Dubai acquire high-net-worth buyers through hyper-targeted performance funnels (verified 4.8x ROAS). Are you looking to scale buyer acquisition this month?"
"APX-0051","Gates Hospitality Dubai","F&B Restaurant Group","Dubai","UAE","+971 4 346 0000","marketing@gates.ae","88","Ready for Outreach","https://wa.me/97143460000?text=Hi%20Gates%20Hospitality%20Dubai%20Team!%20%F0%9F%91%8B%20We%20help%20luxury%20brands%20%26%20real%20estate%20developers%20in%20Dubai%20acquire%20high-net-worth%20buyers%20through%20hyper-targeted%20performance%20funnels%20(verified%204.8x%20ROAS).%20Are%20you%20looking%20to%20scale%20buyer%20acquisition%20this%20month%3F","High-Net-Worth Buyer Acquisition Funnel for Gates Hospitality Dubai (Dubai)","Hi Gates Hospitality Dubai Team! 👋 We help luxury brands & real estate developers in Dubai acquire high-net-worth buyers through hyper-targeted performance funnels (verified 4.8x ROAS). Are you looking to scale buyer acquisition this month?"
"APX-0052","Network International UAE","Fintech","Dubai","UAE","+971 4 303 0300","marketing@network.ae","90","Ready for Outreach","https://wa.me/97143030300?text=Hi%20Network%20International%20UAE%20Team!%20%F0%9F%91%8B%20We%20help%20luxury%20brands%20%26%20real%20estate%20developers%20in%20Dubai%20acquire%20high-net-worth%20buyers%20through%20hyper-targeted%20performance%20funnels%20(verified%204.8x%20ROAS).%20Are%20you%20looking%20to%20scale%20buyer%20acquisition%20this%20month%3F","High-Net-Worth Buyer Acquisition Funnel for Network International UAE (Dubai)","Hi Network International UAE Team! 👋 We help luxury brands & real estate developers in Dubai acquire high-net-worth buyers through hyper-targeted performance funnels (verified 4.8x ROAS). Are you looking to scale buyer acquisition this month?"
"APX-0053","Paris Gallery Group UAE","Beauty & Wellness","Dubai","UAE","+971 4 294 4600","marketing@parisgallery.com","87","Ready for Outreach","https://wa.me/97142944600?text=Hi%20Paris%20Gallery%20Group%20UAE%20Team!%20%F0%9F%91%8B%20We%20help%20luxury%20brands%20%26%20real%20estate%20developers%20in%20Dubai%20acquire%20high-net-worth%20buyers%20through%20hyper-targeted%20performance%20funnels%20(verified%204.8x%20ROAS).%20Are%20you%20looking%20to%20scale%20buyer%20acquisition%20this%20month%3F","High-Net-Worth Buyer Acquisition Funnel for Paris Gallery Group UAE (Dubai)","Hi Paris Gallery Group UAE Team! 👋 We help luxury brands & real estate developers in Dubai acquire high-net-worth buyers through hyper-targeted performance funnels (verified 4.8x ROAS). Are you looking to scale buyer acquisition this month?"
"APX-0054","NEOM Project (Saudi Vision 2030)","Real Estate Mega Project","Riyadh","Saudi Arabia","+966 11 476 9080","marketing@neom.com","99","Ready for Outreach","https://wa.me/966114769080?text=Marhaba%20NEOM%20Project%20(Saudi%20Vision%202030)%20Team!%20%F0%9F%91%8B%20I%20am%20Ismail%20Kazia%20from%20GALICON.%20We%20produce%20Vision%202030%20corporate%20conclaves%2C%20mega%20summits%20%26%20VIP%20staging%20across%20Riyadh%20%26%20Jeddah%20with%20Arabic%2FEnglish%20interpretation%20%26%20local%20ANB%20Bank%20invoicing.%20Can%20we%20share%20our%202026%20lookbook%3F","Saudi Vision 2030 Executive Conclave & Staging Partnership — NEOM Project (Saudi Vision 2030) (Riyadh / Jeddah)","Marhaba NEOM Project (Saudi Vision 2030) Team! 👋 I am Ismail Kazia from GALICON. We produce Vision 2030 corporate conclaves, mega summits & VIP staging across Riyadh & Jeddah with Arabic/English interpretation & local ANB Bank invoicing. Can we share our 2026 lookbook?"
"APX-0055","Saudi Binladin Group","Luxury Real Estate Developer","Jeddah","Saudi Arabia","+966 12 698 0555","marketing@sbg.com.sa","97","Ready for Outreach","https://wa.me/966126980555?text=Marhaba%20Saudi%20Binladin%20Group%20Team!%20%F0%9F%91%8B%20I%20am%20Ismail%20Kazia%20from%20GALICON.%20We%20produce%20Vision%202030%20corporate%20conclaves%2C%20mega%20summits%20%26%20VIP%20staging%20across%20Riyadh%20%26%20Jeddah%20with%20Arabic%2FEnglish%20interpretation%20%26%20local%20ANB%20Bank%20invoicing.%20Can%20we%20share%20our%202026%20lookbook%3F","Saudi Vision 2030 Executive Conclave & Staging Partnership — Saudi Binladin Group (Riyadh / Jeddah)","Marhaba Saudi Binladin Group Team! 👋 I am Ismail Kazia from GALICON. We produce Vision 2030 corporate conclaves, mega summits & VIP staging across Riyadh & Jeddah with Arabic/English interpretation & local ANB Bank invoicing. Can we share our 2026 lookbook?"
"APX-0056","STC (Saudi Telecom Company)","Telecom Saudi","Riyadh","Saudi Arabia","+966 11 201 4000","marketing@stc.com.sa","94","Ready for Outreach","https://wa.me/966112014000?text=Marhaba%20STC%20(Saudi%20Telecom%20Company)%20Team!%20%F0%9F%91%8B%20I%20am%20Ismail%20Kazia%20from%20GALICON.%20We%20produce%20Vision%202030%20corporate%20conclaves%2C%20mega%20summits%20%26%20VIP%20staging%20across%20Riyadh%20%26%20Jeddah%20with%20Arabic%2FEnglish%20interpretation%20%26%20local%20ANB%20Bank%20invoicing.%20Can%20we%20share%20our%202026%20lookbook%3F","Saudi Vision 2030 Executive Conclave & Staging Partnership — STC (Saudi Telecom Company) (Riyadh / Jeddah)","Marhaba STC (Saudi Telecom Company) Team! 👋 I am Ismail Kazia from GALICON. We produce Vision 2030 corporate conclaves, mega summits & VIP staging across Riyadh & Jeddah with Arabic/English interpretation & local ANB Bank invoicing. Can we share our 2026 lookbook?"
"APX-0057","Dar Al Arkan Real Estate","Real Estate Developer","Riyadh","Saudi Arabia","+966 11 418 0888","marketing@daralarkan.com","93","Ready for Outreach","https://wa.me/966114180888?text=Marhaba%20Dar%20Al%20Arkan%20Real%20Estate%20Team!%20%F0%9F%91%8B%20I%20am%20Ismail%20Kazia%20from%20GALICON.%20We%20produce%20Vision%202030%20corporate%20conclaves%2C%20mega%20summits%20%26%20VIP%20staging%20across%20Riyadh%20%26%20Jeddah%20with%20Arabic%2FEnglish%20interpretation%20%26%20local%20ANB%20Bank%20invoicing.%20Can%20we%20share%20our%202026%20lookbook%3F","Saudi Vision 2030 Executive Conclave & Staging Partnership — Dar Al Arkan Real Estate (Riyadh / Jeddah)","Marhaba Dar Al Arkan Real Estate Team! 👋 I am Ismail Kazia from GALICON. We produce Vision 2030 corporate conclaves, mega summits & VIP staging across Riyadh & Jeddah with Arabic/English interpretation & local ANB Bank invoicing. Can we share our 2026 lookbook?"
"APX-0058","Kingdom Holding Company (KHC)","Investment & Private Equity","Riyadh","Saudi Arabia","+966 11 211 1111","ir@kingdom.com.sa","98","Ready for Outreach","https://wa.me/966112111111?text=Marhaba%20Kingdom%20Holding%20Company%20(KHC)%20Team!%20%F0%9F%91%8B%20I%20am%20Ismail%20Kazia%20from%20GALICON.%20We%20produce%20Vision%202030%20corporate%20conclaves%2C%20mega%20summits%20%26%20VIP%20staging%20across%20Riyadh%20%26%20Jeddah%20with%20Arabic%2FEnglish%20interpretation%20%26%20local%20ANB%20Bank%20invoicing.%20Can%20we%20share%20our%202026%20lookbook%3F","Saudi Vision 2030 Executive Conclave & Staging Partnership — Kingdom Holding Company (KHC) (Riyadh / Jeddah)","Marhaba Kingdom Holding Company (KHC) Team! 👋 I am Ismail Kazia from GALICON. We produce Vision 2030 corporate conclaves, mega summits & VIP staging across Riyadh & Jeddah with Arabic/English interpretation & local ANB Bank invoicing. Can we share our 2026 lookbook?"
"APX-0059","Rosewood Jeddah","Hospitality Saudi","Jeddah","Saudi Arabia","+966 12 200 0000","marketing.jeddah@rosewoodhotels.com","92","Ready for Outreach","https://wa.me/966122000000?text=Marhaba%20Rosewood%20Jeddah%20Team!%20%F0%9F%91%8B%20I%20am%20Ismail%20Kazia%20from%20GALICON.%20We%20produce%20Vision%202030%20corporate%20conclaves%2C%20mega%20summits%20%26%20VIP%20staging%20across%20Riyadh%20%26%20Jeddah%20with%20Arabic%2FEnglish%20interpretation%20%26%20local%20ANB%20Bank%20invoicing.%20Can%20we%20share%20our%202026%20lookbook%3F","Saudi Vision 2030 Executive Conclave & Staging Partnership — Rosewood Jeddah (Riyadh / Jeddah)","Marhaba Rosewood Jeddah Team! 👋 I am Ismail Kazia from GALICON. We produce Vision 2030 corporate conclaves, mega summits & VIP staging across Riyadh & Jeddah with Arabic/English interpretation & local ANB Bank invoicing. Can we share our 2026 lookbook?"
"APX-0060","Al Othaim Markets KSA","Retail & FMCG","Riyadh","Saudi Arabia","+966 11 462 0000","marketing@othaim.com.sa","89","Ready for Outreach","https://wa.me/966114620000?text=Marhaba%20Al%20Othaim%20Markets%20KSA%20Team!%20%F0%9F%91%8B%20I%20am%20Ismail%20Kazia%20from%20GALICON.%20We%20produce%20Vision%202030%20corporate%20conclaves%2C%20mega%20summits%20%26%20VIP%20staging%20across%20Riyadh%20%26%20Jeddah%20with%20Arabic%2FEnglish%20interpretation%20%26%20local%20ANB%20Bank%20invoicing.%20Can%20we%20share%20our%202026%20lookbook%3F","Saudi Vision 2030 Executive Conclave & Staging Partnership — Al Othaim Markets KSA (Riyadh / Jeddah)","Marhaba Al Othaim Markets KSA Team! 👋 I am Ismail Kazia from GALICON. We produce Vision 2030 corporate conclaves, mega summits & VIP staging across Riyadh & Jeddah with Arabic/English interpretation & local ANB Bank invoicing. Can we share our 2026 lookbook?"
"APX-0061","Saudi German Hospitals Group","Healthcare KSA","Jeddah","Saudi Arabia","+966 12 682 1022","marketing@saudihospital.com","90","Ready for Outreach","https://wa.me/966126821022?text=Marhaba%20Saudi%20German%20Hospitals%20Group%20Team!%20%F0%9F%91%8B%20I%20am%20Ismail%20Kazia%20from%20GALICON.%20We%20produce%20Vision%202030%20corporate%20conclaves%2C%20mega%20summits%20%26%20VIP%20staging%20across%20Riyadh%20%26%20Jeddah%20with%20Arabic%2FEnglish%20interpretation%20%26%20local%20ANB%20Bank%20invoicing.%20Can%20we%20share%20our%202026%20lookbook%3F","Saudi Vision 2030 Executive Conclave & Staging Partnership — Saudi German Hospitals Group (Riyadh / Jeddah)","Marhaba Saudi German Hospitals Group Team! 👋 I am Ismail Kazia from GALICON. We produce Vision 2030 corporate conclaves, mega summits & VIP staging across Riyadh & Jeddah with Arabic/English interpretation & local ANB Bank invoicing. Can we share our 2026 lookbook?"
"APX-0062","Abdul Latif Jameel Co. Ltd","Automotive Saudi","Jeddah","Saudi Arabia","+966 12 660 0000","marketing@alj.com","91","Ready for Outreach","https://wa.me/966126600000?text=Marhaba%20Abdul%20Latif%20Jameel%20Co.%20Ltd%20Team!%20%F0%9F%91%8B%20I%20am%20Ismail%20Kazia%20from%20GALICON.%20We%20produce%20Vision%202030%20corporate%20conclaves%2C%20mega%20summits%20%26%20VIP%20staging%20across%20Riyadh%20%26%20Jeddah%20with%20Arabic%2FEnglish%20interpretation%20%26%20local%20ANB%20Bank%20invoicing.%20Can%20we%20share%20our%202026%20lookbook%3F","Saudi Vision 2030 Executive Conclave & Staging Partnership — Abdul Latif Jameel Co. Ltd (Riyadh / Jeddah)","Marhaba Abdul Latif Jameel Co. Ltd Team! 👋 I am Ismail Kazia from GALICON. We produce Vision 2030 corporate conclaves, mega summits & VIP staging across Riyadh & Jeddah with Arabic/English interpretation & local ANB Bank invoicing. Can we share our 2026 lookbook?"
"APX-0063","Jarir Bookstore Saudi Arabia","E-commerce Saudi","Riyadh","Saudi Arabia","+966 11 463 7600","marketing@jarir.com","88","Ready for Outreach","https://wa.me/966114637600?text=Marhaba%20Jarir%20Bookstore%20Saudi%20Arabia%20Team!%20%F0%9F%91%8B%20I%20am%20Ismail%20Kazia%20from%20GALICON.%20We%20produce%20Vision%202030%20corporate%20conclaves%2C%20mega%20summits%20%26%20VIP%20staging%20across%20Riyadh%20%26%20Jeddah%20with%20Arabic%2FEnglish%20interpretation%20%26%20local%20ANB%20Bank%20invoicing.%20Can%20we%20share%20our%202026%20lookbook%3F","Saudi Vision 2030 Executive Conclave & Staging Partnership — Jarir Bookstore Saudi Arabia (Riyadh / Jeddah)","Marhaba Jarir Bookstore Saudi Arabia Team! 👋 I am Ismail Kazia from GALICON. We produce Vision 2030 corporate conclaves, mega summits & VIP staging across Riyadh & Jeddah with Arabic/English interpretation & local ANB Bank invoicing. Can we share our 2026 lookbook?"
"APX-0064","The Cadogan Clinic London","Aesthetic Medical Clinic","London","UK","+44 20 7901 8500","info@cadoganclinic.com","94","Ready for Outreach","https://wa.me/442079018500?text=Hello%20The%20Cadogan%20Clinic%20London%20Team!%20%F0%9F%91%8B%20We%20help%20private%20medical%20%26%20aesthetic%20clinics%20in%20London%20generate%2025-35%20high-ticket%20consultation%20bookings%20every%20month%20through%20automated%20search%20%26%20paid%20media%20funnels.%20Would%20you%20be%20open%20to%20a%202-minute%20breakdown%3F","Predictable High-Ticket Patient Acquisition for The Cadogan Clinic London (London)","Hello The Cadogan Clinic London Team! 👋 We help private medical & aesthetic clinics in London generate 25-35 high-ticket consultation bookings every month through automated search & paid media funnels. Would you be open to a 2-minute breakdown?"
"APX-0065","The Harley Medical Group","Cosmetic Surgery Clinic","London","UK","+44 333 300 2525","info@harleymedical.co.uk","93","Ready for Outreach","https://wa.me/443333002525?text=Hello%20The%20Harley%20Medical%20Group%20Team!%20%F0%9F%91%8B%20We%20help%20private%20medical%20%26%20aesthetic%20clinics%20in%20London%20generate%2025-35%20high-ticket%20consultation%20bookings%20every%20month%20through%20automated%20search%20%26%20paid%20media%20funnels.%20Would%20you%20be%20open%20to%20a%202-minute%20breakdown%3F","Predictable High-Ticket Patient Acquisition for The Harley Medical Group (London)","Hello The Harley Medical Group Team! 👋 We help private medical & aesthetic clinics in London generate 25-35 high-ticket consultation bookings every month through automated search & paid media funnels. Would you be open to a 2-minute breakdown?"
"APX-0066","Savills PLC London","Luxury Property UK","London","UK","+44 20 7499 8644","london@savills.com","92","Ready for Outreach","https://wa.me/442074998644?text=Hello%20Savills%20PLC%20London%20Team!%20%F0%9F%91%8B%20We%20help%20private%20medical%20%26%20aesthetic%20clinics%20in%20London%20generate%2025-35%20high-ticket%20consultation%20bookings%20every%20month%20through%20automated%20search%20%26%20paid%20media%20funnels.%20Would%20you%20be%20open%20to%20a%202-minute%20breakdown%3F","Predictable High-Ticket Patient Acquisition for Savills PLC London (London)","Hello Savills PLC London Team! 👋 We help private medical & aesthetic clinics in London generate 25-35 high-ticket consultation bookings every month through automated search & paid media funnels. Would you be open to a 2-minute breakdown?"
"APX-0067","Knight Frank LLP London","Luxury Estate Agency","London","UK","+44 20 7629 8171","london@knightfrank.com","93","Ready for Outreach","https://wa.me/442076298171?text=Hello%20Knight%20Frank%20LLP%20London%20Team!%20%F0%9F%91%8B%20We%20help%20private%20medical%20%26%20aesthetic%20clinics%20in%20London%20generate%2025-35%20high-ticket%20consultation%20bookings%20every%20month%20through%20automated%20search%20%26%20paid%20media%20funnels.%20Would%20you%20be%20open%20to%20a%202-minute%20breakdown%3F","Predictable High-Ticket Patient Acquisition for Knight Frank LLP London (London)","Hello Knight Frank LLP London Team! 👋 We help private medical & aesthetic clinics in London generate 25-35 high-ticket consultation bookings every month through automated search & paid media funnels. Would you be open to a 2-minute breakdown?"
"APX-0068","Burberry Group PLC","Luxury Fashion Brand","London","UK","+44 20 3367 3000","marketing@burberry.com","97","Ready for Outreach","https://wa.me/442033673000?text=Hello%20Burberry%20Group%20PLC%20Team!%20%F0%9F%91%8B%20We%20help%20private%20medical%20%26%20aesthetic%20clinics%20in%20London%20generate%2025-35%20high-ticket%20consultation%20bookings%20every%20month%20through%20automated%20search%20%26%20paid%20media%20funnels.%20Would%20you%20be%20open%20to%20a%202-minute%20breakdown%3F","Predictable High-Ticket Patient Acquisition for Burberry Group PLC (London)","Hello Burberry Group PLC Team! 👋 We help private medical & aesthetic clinics in London generate 25-35 high-ticket consultation bookings every month through automated search & paid media funnels. Would you be open to a 2-minute breakdown?"
"APX-0069","The London Clinic","Private Hospital","London","UK","+44 20 7935 4444","marketing@thelondonclinic.co.uk","92","Ready for Outreach","https://wa.me/442079354444?text=Hello%20The%20London%20Clinic%20Team!%20%F0%9F%91%8B%20We%20help%20private%20medical%20%26%20aesthetic%20clinics%20in%20London%20generate%2025-35%20high-ticket%20consultation%20bookings%20every%20month%20through%20automated%20search%20%26%20paid%20media%20funnels.%20Would%20you%20be%20open%20to%20a%202-minute%20breakdown%3F","Predictable High-Ticket Patient Acquisition for The London Clinic (London)","Hello The London Clinic Team! 👋 We help private medical & aesthetic clinics in London generate 25-35 high-ticket consultation bookings every month through automated search & paid media funnels. Would you be open to a 2-minute breakdown?"
"APX-0070","Perfect Smile Dental Clinic London","Private Dentistry","London","UK","+44 20 7580 8080","info@perfectsmiledental.co.uk","91","Ready for Outreach","https://wa.me/442075808080?text=Hello%20Perfect%20Smile%20Dental%20Clinic%20London%20Team!%20%F0%9F%91%8B%20We%20help%20private%20medical%20%26%20aesthetic%20clinics%20in%20London%20generate%2025-35%20high-ticket%20consultation%20bookings%20every%20month%20through%20automated%20search%20%26%20paid%20media%20funnels.%20Would%20you%20be%20open%20to%20a%202-minute%20breakdown%3F","Predictable High-Ticket Patient Acquisition for Perfect Smile Dental Clinic London (London)","Hello Perfect Smile Dental Clinic London Team! 👋 We help private medical & aesthetic clinics in London generate 25-35 high-ticket consultation bookings every month through automated search & paid media funnels. Would you be open to a 2-minute breakdown?"
"APX-0071","Man Group PLC London","Private Equity & Finance","London","UK","+44 20 7144 1000","ir@man.com","96","Ready for Outreach","https://wa.me/442071441000?text=Hello%20Man%20Group%20PLC%20London%20Team!%20%F0%9F%91%8B%20We%20help%20private%20medical%20%26%20aesthetic%20clinics%20in%20London%20generate%2025-35%20high-ticket%20consultation%20bookings%20every%20month%20through%20automated%20search%20%26%20paid%20media%20funnels.%20Would%20you%20be%20open%20to%20a%202-minute%20breakdown%3F","Predictable High-Ticket Patient Acquisition for Man Group PLC London (London)","Hello Man Group PLC London Team! 👋 We help private medical & aesthetic clinics in London generate 25-35 high-ticket consultation bookings every month through automated search & paid media funnels. Would you be open to a 2-minute breakdown?"
"APX-0072","Mandarin Oriental Hyde Park Spa","Wellness & Spa","London","UK","+44 20 7235 2000","molon-spa@mohg.com","90","Ready for Outreach","https://wa.me/442072352000?text=Hello%20Mandarin%20Oriental%20Hyde%20Park%20Spa%20Team!%20%F0%9F%91%8B%20We%20help%20private%20medical%20%26%20aesthetic%20clinics%20in%20London%20generate%2025-35%20high-ticket%20consultation%20bookings%20every%20month%20through%20automated%20search%20%26%20paid%20media%20funnels.%20Would%20you%20be%20open%20to%20a%202-minute%20breakdown%3F","Predictable High-Ticket Patient Acquisition for Mandarin Oriental Hyde Park Spa (London)","Hello Mandarin Oriental Hyde Park Spa Team! 👋 We help private medical & aesthetic clinics in London generate 25-35 high-ticket consultation bookings every month through automated search & paid media funnels. Would you be open to a 2-minute breakdown?"
"APX-0073","The Drum Network London","Digital Agency UK","London","UK","+44 20 3948 7460","hello@thedrum.com","88","Ready for Outreach","https://wa.me/442039487460?text=Hello%20The%20Drum%20Network%20London%20Team!%20%F0%9F%91%8B%20We%20help%20private%20medical%20%26%20aesthetic%20clinics%20in%20London%20generate%2025-35%20high-ticket%20consultation%20bookings%20every%20month%20through%20automated%20search%20%26%20paid%20media%20funnels.%20Would%20you%20be%20open%20to%20a%202-minute%20breakdown%3F","Predictable High-Ticket Patient Acquisition for The Drum Network London (London)","Hello The Drum Network London Team! 👋 We help private medical & aesthetic clinics in London generate 25-35 high-ticket consultation bookings every month through automated search & paid media funnels. Would you be open to a 2-minute breakdown?"
"APX-0074","Godrej Properties Limited","Luxury Real Estate Mumbai","Mumbai","India","+91 22 6169 1234","marketing@godrejproperties.com","95","Ready for Outreach","https://wa.me/912261691234?text=Hi%20Godrej%20Properties%20Limited%20Marketing%20Team!%20%F0%9F%91%8B%20We%20help%20high-growth%20companies%20in%20Mumbai%20scale%20revenue%20with%20high-speed%20web%20apps%2C%20AI%20automation%20bots%20%26%20performance%20marketing.%20Are%20you%20planning%20any%20major%20scaling%20pushes%20this%20quarter%3F","Growth Engineering & AI Performance Funnels for Godrej Properties Limited","Hi Godrej Properties Limited Marketing Team! 👋 We help high-growth companies in Mumbai scale revenue with high-speed web apps, AI automation bots & performance marketing. Are you planning any major scaling pushes this quarter?"
"APX-0075","Hindustan Unilever Limited","FMCG Giant","Mumbai","India","+91 22 3983 0000","marketing.india@unilever.com","96","Ready for Outreach","https://wa.me/912239830000?text=Hi%20Hindustan%20Unilever%20Limited%20Marketing%20Team!%20%F0%9F%91%8B%20We%20help%20high-growth%20companies%20in%20Mumbai%20scale%20revenue%20with%20high-speed%20web%20apps%2C%20AI%20automation%20bots%20%26%20performance%20marketing.%20Are%20you%20planning%20any%20major%20scaling%20pushes%20this%20quarter%3F","Growth Engineering & AI Performance Funnels for Hindustan Unilever Limited","Hi Hindustan Unilever Limited Marketing Team! 👋 We help high-growth companies in Mumbai scale revenue with high-speed web apps, AI automation bots & performance marketing. Are you planning any major scaling pushes this quarter?"
"APX-0076","Dharma Productions Pvt Ltd","Bollywood Production","Mumbai","India","+91 22 6765 9000","marketing@dharmamovies.com","94","Ready for Outreach","https://wa.me/912267659000?text=Hi%20Dharma%20Productions%20Pvt%20Ltd%20Marketing%20Team!%20%F0%9F%91%8B%20We%20help%20high-growth%20companies%20in%20Mumbai%20scale%20revenue%20with%20high-speed%20web%20apps%2C%20AI%20automation%20bots%20%26%20performance%20marketing.%20Are%20you%20planning%20any%20major%20scaling%20pushes%20this%20quarter%3F","Growth Engineering & AI Performance Funnels for Dharma Productions Pvt Ltd","Hi Dharma Productions Pvt Ltd Marketing Team! 👋 We help high-growth companies in Mumbai scale revenue with high-speed web apps, AI automation bots & performance marketing. Are you planning any major scaling pushes this quarter?"
"APX-0077","Kotak Mahindra Bank Limited","Banking & Finance","Mumbai","India","+91 22 6166 0001","marketing@kotak.com","94","Ready for Outreach","https://wa.me/912261660001?text=Hi%20Kotak%20Mahindra%20Bank%20Limited%20Marketing%20Team!%20%F0%9F%91%8B%20We%20help%20high-growth%20companies%20in%20Mumbai%20scale%20revenue%20with%20high-speed%20web%20apps%2C%20AI%20automation%20bots%20%26%20performance%20marketing.%20Are%20you%20planning%20any%20major%20scaling%20pushes%20this%20quarter%3F","Growth Engineering & AI Performance Funnels for Kotak Mahindra Bank Limited","Hi Kotak Mahindra Bank Limited Marketing Team! 👋 We help high-growth companies in Mumbai scale revenue with high-speed web apps, AI automation bots & performance marketing. Are you planning any major scaling pushes this quarter?"
"APX-0078","Sony Pictures Networks India","Media & Entertainment","Mumbai","India","+91 22 6752 7000","marketing@sonyliv.com","93","Ready for Outreach","https://wa.me/912267527000?text=Hi%20Sony%20Pictures%20Networks%20India%20Marketing%20Team!%20%F0%9F%91%8B%20We%20help%20high-growth%20companies%20in%20Mumbai%20scale%20revenue%20with%20high-speed%20web%20apps%2C%20AI%20automation%20bots%20%26%20performance%20marketing.%20Are%20you%20planning%20any%20major%20scaling%20pushes%20this%20quarter%3F","Growth Engineering & AI Performance Funnels for Sony Pictures Networks India","Hi Sony Pictures Networks India Marketing Team! 👋 We help high-growth companies in Mumbai scale revenue with high-speed web apps, AI automation bots & performance marketing. Are you planning any major scaling pushes this quarter?"
"APX-0079","Mamaearth (Honasa Consumer)","D2C Beauty Brand","Mumbai","India","+91 12 4454 5400","marketing@mamaearth.in","92","Ready for Outreach","https://wa.me/911244545400?text=Hi%20Mamaearth%20(Honasa%20Consumer)%20Marketing%20Team!%20%F0%9F%91%8B%20We%20help%20high-growth%20companies%20in%20Mumbai%20scale%20revenue%20with%20high-speed%20web%20apps%2C%20AI%20automation%20bots%20%26%20performance%20marketing.%20Are%20you%20planning%20any%20major%20scaling%20pushes%20this%20quarter%3F","Growth Engineering & AI Performance Funnels for Mamaearth (Honasa Consumer)","Hi Mamaearth (Honasa Consumer) Marketing Team! 👋 We help high-growth companies in Mumbai scale revenue with high-speed web apps, AI automation bots & performance marketing. Are you planning any major scaling pushes this quarter?"
"APX-0080","Jubilant FoodWorks (Dominos India)","Food & Restaurant Chain","Mumbai","India","+91 120 468 3300","marketing@jubilantfoodworks.com","89","Ready for Outreach","https://wa.me/911204683300?text=Hi%20Jubilant%20FoodWorks%20(Dominos%20India)%20Marketing%20Team!%20%F0%9F%91%8B%20We%20help%20high-growth%20companies%20in%20Mumbai%20scale%20revenue%20with%20high-speed%20web%20apps%2C%20AI%20automation%20bots%20%26%20performance%20marketing.%20Are%20you%20planning%20any%20major%20scaling%20pushes%20this%20quarter%3F","Growth Engineering & AI Performance Funnels for Jubilant FoodWorks (Dominos India)","Hi Jubilant FoodWorks (Dominos India) Marketing Team! 👋 We help high-growth companies in Mumbai scale revenue with high-speed web apps, AI automation bots & performance marketing. Are you planning any major scaling pushes this quarter?"
"APX-0081","Grab Holdings Singapore","Tech & AI Company","Singapore","Singapore","+65 6930 4800","marketing@grab.com","95","Ready for Outreach","https://wa.me/6569304800?text=Hi%20Grab%20Holdings%20Singapore%20Marketing%20Team!%20%F0%9F%91%8B%20We%20help%20high-growth%20companies%20in%20Singapore%20scale%20revenue%20with%20high-speed%20web%20apps%2C%20AI%20automation%20bots%20%26%20performance%20marketing.%20Are%20you%20planning%20any%20major%20scaling%20pushes%20this%20quarter%3F","Growth Engineering & AI Performance Funnels for Grab Holdings Singapore","Hi Grab Holdings Singapore Marketing Team! 👋 We help high-growth companies in Singapore scale revenue with high-speed web apps, AI automation bots & performance marketing. Are you planning any major scaling pushes this quarter?"
"APX-0082","Temasek Holdings Singapore","Investment Management","Singapore","Singapore","+65 6828 6828","marketing@temasek.com.sg","98","Ready for Outreach","https://wa.me/6568286828?text=Hi%20Temasek%20Holdings%20Singapore%20Marketing%20Team!%20%F0%9F%91%8B%20We%20help%20high-growth%20companies%20in%20Singapore%20scale%20revenue%20with%20high-speed%20web%20apps%2C%20AI%20automation%20bots%20%26%20performance%20marketing.%20Are%20you%20planning%20any%20major%20scaling%20pushes%20this%20quarter%3F","Growth Engineering & AI Performance Funnels for Temasek Holdings Singapore","Hi Temasek Holdings Singapore Marketing Team! 👋 We help high-growth companies in Singapore scale revenue with high-speed web apps, AI automation bots & performance marketing. Are you planning any major scaling pushes this quarter?"
"APX-0083","Raffles Hotel Singapore","Luxury Hotel Group","Singapore","Singapore","+65 6337 1886","singapore@raffles.com","94","Ready for Outreach","https://wa.me/6563371886?text=Hi%20Raffles%20Hotel%20Singapore%20Marketing%20Team!%20%F0%9F%91%8B%20We%20help%20high-growth%20companies%20in%20Singapore%20scale%20revenue%20with%20high-speed%20web%20apps%2C%20AI%20automation%20bots%20%26%20performance%20marketing.%20Are%20you%20planning%20any%20major%20scaling%20pushes%20this%20quarter%3F","Growth Engineering & AI Performance Funnels for Raffles Hotel Singapore","Hi Raffles Hotel Singapore Marketing Team! 👋 We help high-growth companies in Singapore scale revenue with high-speed web apps, AI automation bots & performance marketing. Are you planning any major scaling pushes this quarter?"
"APX-0084","CapitaLand Group Singapore","Real Estate Developer","Singapore","Singapore","+65 6823 3200","marketing@capitaland.com","95","Ready for Outreach","https://wa.me/6568233200?text=Hi%20CapitaLand%20Group%20Singapore%20Marketing%20Team!%20%F0%9F%91%8B%20We%20help%20high-growth%20companies%20in%20Singapore%20scale%20revenue%20with%20high-speed%20web%20apps%2C%20AI%20automation%20bots%20%26%20performance%20marketing.%20Are%20you%20planning%20any%20major%20scaling%20pushes%20this%20quarter%3F","Growth Engineering & AI Performance Funnels for CapitaLand Group Singapore","Hi CapitaLand Group Singapore Marketing Team! 👋 We help high-growth companies in Singapore scale revenue with high-speed web apps, AI automation bots & performance marketing. Are you planning any major scaling pushes this quarter?"
"APX-0085","DBS Bank Ltd Singapore","Financial Services","Singapore","Singapore","+65 6327 2265","marketing@dbs.com","93","Ready for Outreach","https://wa.me/6563272265?text=Hi%20DBS%20Bank%20Ltd%20Singapore%20Marketing%20Team!%20%F0%9F%91%8B%20We%20help%20high-growth%20companies%20in%20Singapore%20scale%20revenue%20with%20high-speed%20web%20apps%2C%20AI%20automation%20bots%20%26%20performance%20marketing.%20Are%20you%20planning%20any%20major%20scaling%20pushes%20this%20quarter%3F","Growth Engineering & AI Performance Funnels for DBS Bank Ltd Singapore","Hi DBS Bank Ltd Singapore Marketing Team! 👋 We help high-growth companies in Singapore scale revenue with high-speed web apps, AI automation bots & performance marketing. Are you planning any major scaling pushes this quarter?"
"APX-0086","Huge Inc New York","Digital Agency NYC","New York","USA","+1 718 625 4843","newbusiness@hugeinc.com","90","Ready for Outreach","https://wa.me/17186254843?text=Hi%20Huge%20Inc%20New%20York%20Marketing%20Team!%20%F0%9F%91%8B%20We%20help%20high-growth%20companies%20in%20New%20York%20scale%20revenue%20with%20high-speed%20web%20apps%2C%20AI%20automation%20bots%20%26%20performance%20marketing.%20Are%20you%20planning%20any%20major%20scaling%20pushes%20this%20quarter%3F","Growth Engineering & AI Performance Funnels for Huge Inc New York","Hi Huge Inc New York Marketing Team! 👋 We help high-growth companies in New York scale revenue with high-speed web apps, AI automation bots & performance marketing. Are you planning any major scaling pushes this quarter?"
"APX-0087","Related Companies New York","Real Estate USA","New York","USA","+1 212 421 5333","marketing@related.com","93","Ready for Outreach","https://wa.me/12124215333?text=Hi%20Related%20Companies%20New%20York%20Marketing%20Team!%20%F0%9F%91%8B%20We%20help%20high-growth%20companies%20in%20New%20York%20scale%20revenue%20with%20high-speed%20web%20apps%2C%20AI%20automation%20bots%20%26%20performance%20marketing.%20Are%20you%20planning%20any%20major%20scaling%20pushes%20this%20quarter%3F","Growth Engineering & AI Performance Funnels for Related Companies New York","Hi Related Companies New York Marketing Team! 👋 We help high-growth companies in New York scale revenue with high-speed web apps, AI automation bots & performance marketing. Are you planning any major scaling pushes this quarter?"
"APX-0088","Wpromote LLC Los Angeles","Performance Marketing","Los Angeles","USA","+1 310 421 4844","hello@wpromote.com","88","Ready for Outreach","https://wa.me/13104214844?text=Hi%20Wpromote%20LLC%20Los%20Angeles%20Marketing%20Team!%20%F0%9F%91%8B%20We%20help%20high-growth%20companies%20in%20Los%20Angeles%20scale%20revenue%20with%20high-speed%20web%20apps%2C%20AI%20automation%20bots%20%26%20performance%20marketing.%20Are%20you%20planning%20any%20major%20scaling%20pushes%20this%20quarter%3F","Growth Engineering & AI Performance Funnels for Wpromote LLC Los Angeles","Hi Wpromote LLC Los Angeles Marketing Team! 👋 We help high-growth companies in Los Angeles scale revenue with high-speed web apps, AI automation bots & performance marketing. Are you planning any major scaling pushes this quarter?"
"APX-0089","Harry's Inc New York","D2C Brand USA","New York","USA","+1 888 212 6855","brand@harrys.com","87","Ready for Outreach","https://wa.me/18882126855?text=Hi%20Harry's%20Inc%20New%20York%20Marketing%20Team!%20%F0%9F%91%8B%20We%20help%20high-growth%20companies%20in%20New%20York%20scale%20revenue%20with%20high-speed%20web%20apps%2C%20AI%20automation%20bots%20%26%20performance%20marketing.%20Are%20you%20planning%20any%20major%20scaling%20pushes%20this%20quarter%3F","Growth Engineering & AI Performance Funnels for Harry's Inc New York","Hi Harry's Inc New York Marketing Team! 👋 We help high-growth companies in New York scale revenue with high-speed web apps, AI automation bots & performance marketing. Are you planning any major scaling pushes this quarter?"
"APX-0090","Brex Inc San Francisco","Tech Startup","San Francisco","USA","+1 833 228 2739","marketing@brex.com","89","Ready for Outreach","https://wa.me/18332282739?text=Hi%20Brex%20Inc%20San%20Francisco%20Marketing%20Team!%20%F0%9F%91%8B%20We%20help%20high-growth%20companies%20in%20San%20Francisco%20scale%20revenue%20with%20high-speed%20web%20apps%2C%20AI%20automation%20bots%20%26%20performance%20marketing.%20Are%20you%20planning%20any%20major%20scaling%20pushes%20this%20quarter%3F","Growth Engineering & AI Performance Funnels for Brex Inc San Francisco","Hi Brex Inc San Francisco Marketing Team! 👋 We help high-growth companies in San Francisco scale revenue with high-speed web apps, AI automation bots & performance marketing. Are you planning any major scaling pushes this quarter?"
"APX-0091","Roshn Real Estate Group (PIF)","Vision 2030 Enterprise","Riyadh","Saudi Arabia","+966 11 834 8888","info@roshn.sa","99","Ready for Outreach","https://wa.me/966118348888?text=Marhaba%20Roshn%20Real%20Estate%20Group%20(PIF)%20Team!%20%F0%9F%91%8B%20I%20am%20Ismail%20Kazia%20from%20GALICON.%20We%20produce%20Vision%202030%20corporate%20conclaves%2C%20mega%20summits%20%26%20VIP%20staging%20across%20Riyadh%20%26%20Jeddah%20with%20Arabic%2FEnglish%20interpretation%20%26%20local%20ANB%20Bank%20invoicing.%20Can%20we%20share%20our%202026%20lookbook%3F","Saudi Vision 2030 Executive Conclave & Staging Partnership — Roshn Real Estate Group (PIF) (Riyadh / Jeddah)","Marhaba Roshn Real Estate Group (PIF) Team! 👋 I am Ismail Kazia from GALICON. We produce Vision 2030 corporate conclaves, mega summits & VIP staging across Riyadh & Jeddah with Arabic/English interpretation & local ANB Bank invoicing. Can we share our 2026 lookbook?"
"APX-0092","Diriyah Gate Development Authority (DGDA)","Vision 2030 Enterprise","Riyadh","Saudi Arabia","+966 11 838 5555","media@dgda.gov.sa","99","Ready for Outreach","https://wa.me/966118385555?text=Marhaba%20Diriyah%20Gate%20Development%20Authority%20(DGDA)%20Team!%20%F0%9F%91%8B%20I%20am%20Ismail%20Kazia%20from%20GALICON.%20We%20produce%20Vision%202030%20corporate%20conclaves%2C%20mega%20summits%20%26%20VIP%20staging%20across%20Riyadh%20%26%20Jeddah%20with%20Arabic%2FEnglish%20interpretation%20%26%20local%20ANB%20Bank%20invoicing.%20Can%20we%20share%20our%202026%20lookbook%3F","Saudi Vision 2030 Executive Conclave & Staging Partnership — Diriyah Gate Development Authority (DGDA) (Riyadh / Jeddah)","Marhaba Diriyah Gate Development Authority (DGDA) Team! 👋 I am Ismail Kazia from GALICON. We produce Vision 2030 corporate conclaves, mega summits & VIP staging across Riyadh & Jeddah with Arabic/English interpretation & local ANB Bank invoicing. Can we share our 2026 lookbook?"
"APX-0093","Red Sea Global (RSG)","Vision 2030 Enterprise","Riyadh","Saudi Arabia","+966 11 254 7000","procurement@redseaglobal.com","98","Ready for Outreach","https://wa.me/966112547000?text=Marhaba%20Red%20Sea%20Global%20(RSG)%20Team!%20%F0%9F%91%8B%20I%20am%20Ismail%20Kazia%20from%20GALICON.%20We%20produce%20Vision%202030%20corporate%20conclaves%2C%20mega%20summits%20%26%20VIP%20staging%20across%20Riyadh%20%26%20Jeddah%20with%20Arabic%2FEnglish%20interpretation%20%26%20local%20ANB%20Bank%20invoicing.%20Can%20we%20share%20our%202026%20lookbook%3F","Saudi Vision 2030 Executive Conclave & Staging Partnership — Red Sea Global (RSG) (Riyadh / Jeddah)","Marhaba Red Sea Global (RSG) Team! 👋 I am Ismail Kazia from GALICON. We produce Vision 2030 corporate conclaves, mega summits & VIP staging across Riyadh & Jeddah with Arabic/English interpretation & local ANB Bank invoicing. Can we share our 2026 lookbook?"
"APX-0094","Alinma Bank Corporate Division","Vision 2030 Enterprise","Riyadh","Saudi Arabia","+966 11 218 5555","corporate@alinma.com","96","Ready for Outreach","https://wa.me/966112185555?text=Marhaba%20Alinma%20Bank%20Corporate%20Division%20Team!%20%F0%9F%91%8B%20I%20am%20Ismail%20Kazia%20from%20GALICON.%20We%20produce%20Vision%202030%20corporate%20conclaves%2C%20mega%20summits%20%26%20VIP%20staging%20across%20Riyadh%20%26%20Jeddah%20with%20Arabic%2FEnglish%20interpretation%20%26%20local%20ANB%20Bank%20invoicing.%20Can%20we%20share%20our%202026%20lookbook%3F","Saudi Vision 2030 Executive Conclave & Staging Partnership — Alinma Bank Corporate Division (Riyadh / Jeddah)","Marhaba Alinma Bank Corporate Division Team! 👋 I am Ismail Kazia from GALICON. We produce Vision 2030 corporate conclaves, mega summits & VIP staging across Riyadh & Jeddah with Arabic/English interpretation & local ANB Bank invoicing. Can we share our 2026 lookbook?"
"APX-0095","Jahez International Company","Vision 2030 Enterprise","Riyadh","Saudi Arabia","+966 11 810 5000","marketing@jahez.net","94","Ready for Outreach","https://wa.me/966118105000?text=Marhaba%20Jahez%20International%20Company%20Team!%20%F0%9F%91%8B%20I%20am%20Ismail%20Kazia%20from%20GALICON.%20We%20produce%20Vision%202030%20corporate%20conclaves%2C%20mega%20summits%20%26%20VIP%20staging%20across%20Riyadh%20%26%20Jeddah%20with%20Arabic%2FEnglish%20interpretation%20%26%20local%20ANB%20Bank%20invoicing.%20Can%20we%20share%20our%202026%20lookbook%3F","Saudi Vision 2030 Executive Conclave & Staging Partnership — Jahez International Company (Riyadh / Jeddah)","Marhaba Jahez International Company Team! 👋 I am Ismail Kazia from GALICON. We produce Vision 2030 corporate conclaves, mega summits & VIP staging across Riyadh & Jeddah with Arabic/English interpretation & local ANB Bank invoicing. Can we share our 2026 lookbook?"
"APX-0096","Tamimi Group KSA","Vision 2030 Enterprise","Riyadh","Saudi Arabia","+966 13 847 1800","corporate@al-tamimi.com","92","Ready for Outreach","https://wa.me/966138471800?text=Marhaba%20Tamimi%20Group%20KSA%20Team!%20%F0%9F%91%8B%20I%20am%20Ismail%20Kazia%20from%20GALICON.%20We%20produce%20Vision%202030%20corporate%20conclaves%2C%20mega%20summits%20%26%20VIP%20staging%20across%20Riyadh%20%26%20Jeddah%20with%20Arabic%2FEnglish%20interpretation%20%26%20local%20ANB%20Bank%20invoicing.%20Can%20we%20share%20our%202026%20lookbook%3F","Saudi Vision 2030 Executive Conclave & Staging Partnership — Tamimi Group KSA (Riyadh / Jeddah)","Marhaba Tamimi Group KSA Team! 👋 I am Ismail Kazia from GALICON. We produce Vision 2030 corporate conclaves, mega summits & VIP staging across Riyadh & Jeddah with Arabic/English interpretation & local ANB Bank invoicing. Can we share our 2026 lookbook?"
"APX-0097","Jeddah Central Development Company","Luxury Hospitality","Jeddah","Saudi Arabia","+966 12 284 9999","info@jeddahcentral.com","97","Ready for Outreach","https://wa.me/966122849999?text=Marhaba%20Jeddah%20Central%20Development%20Company%20Team!%20%F0%9F%91%8B%20I%20am%20Ismail%20Kazia%20from%20GALICON.%20We%20produce%20Vision%202030%20corporate%20conclaves%2C%20mega%20summits%20%26%20VIP%20staging%20across%20Riyadh%20%26%20Jeddah%20with%20Arabic%2FEnglish%20interpretation%20%26%20local%20ANB%20Bank%20invoicing.%20Can%20we%20share%20our%202026%20lookbook%3F","Saudi Vision 2030 Executive Conclave & Staging Partnership — Jeddah Central Development Company (Riyadh / Jeddah)","Marhaba Jeddah Central Development Company Team! 👋 I am Ismail Kazia from GALICON. We produce Vision 2030 corporate conclaves, mega summits & VIP staging across Riyadh & Jeddah with Arabic/English interpretation & local ANB Bank invoicing. Can we share our 2026 lookbook?"
"APX-0098","The Ritz-Carlton Jeddah","Luxury Hospitality","Jeddah","Saudi Arabia","+966 12 231 4444","jeddah.sales@ritzcarlton.com","98","Ready for Outreach","https://wa.me/966122314444?text=Marhaba%20The%20Ritz-Carlton%20Jeddah%20Team!%20%F0%9F%91%8B%20I%20am%20Ismail%20Kazia%20from%20GALICON.%20We%20produce%20Vision%202030%20corporate%20conclaves%2C%20mega%20summits%20%26%20VIP%20staging%20across%20Riyadh%20%26%20Jeddah%20with%20Arabic%2FEnglish%20interpretation%20%26%20local%20ANB%20Bank%20invoicing.%20Can%20we%20share%20our%202026%20lookbook%3F","Saudi Vision 2030 Executive Conclave & Staging Partnership — The Ritz-Carlton Jeddah (Riyadh / Jeddah)","Marhaba The Ritz-Carlton Jeddah Team! 👋 I am Ismail Kazia from GALICON. We produce Vision 2030 corporate conclaves, mega summits & VIP staging across Riyadh & Jeddah with Arabic/English interpretation & local ANB Bank invoicing. Can we share our 2026 lookbook?"
"APX-0099","Saudia Airlines Corporate HQ","Luxury Hospitality","Jeddah","Saudi Arabia","+966 12 686 0000","marketing@saudia.com","95","Ready for Outreach","https://wa.me/966126860000?text=Marhaba%20Saudia%20Airlines%20Corporate%20HQ%20Team!%20%F0%9F%91%8B%20I%20am%20Ismail%20Kazia%20from%20GALICON.%20We%20produce%20Vision%202030%20corporate%20conclaves%2C%20mega%20summits%20%26%20VIP%20staging%20across%20Riyadh%20%26%20Jeddah%20with%20Arabic%2FEnglish%20interpretation%20%26%20local%20ANB%20Bank%20invoicing.%20Can%20we%20share%20our%202026%20lookbook%3F","Saudi Vision 2030 Executive Conclave & Staging Partnership — Saudia Airlines Corporate HQ (Riyadh / Jeddah)","Marhaba Saudia Airlines Corporate HQ Team! 👋 I am Ismail Kazia from GALICON. We produce Vision 2030 corporate conclaves, mega summits & VIP staging across Riyadh & Jeddah with Arabic/English interpretation & local ANB Bank invoicing. Can we share our 2026 lookbook?"
"APX-0100","Al-Naghi Group Automotive","Luxury Hospitality","Jeddah","Saudi Arabia","+966 12 669 5555","marketing@naghi.com","93","Ready for Outreach","https://wa.me/966126695555?text=Marhaba%20Al-Naghi%20Group%20Automotive%20Team!%20%F0%9F%91%8B%20I%20am%20Ismail%20Kazia%20from%20GALICON.%20We%20produce%20Vision%202030%20corporate%20conclaves%2C%20mega%20summits%20%26%20VIP%20staging%20across%20Riyadh%20%26%20Jeddah%20with%20Arabic%2FEnglish%20interpretation%20%26%20local%20ANB%20Bank%20invoicing.%20Can%20we%20share%20our%202026%20lookbook%3F","Saudi Vision 2030 Executive Conclave & Staging Partnership — Al-Naghi Group Automotive (Riyadh / Jeddah)","Marhaba Al-Naghi Group Automotive Team! 👋 I am Ismail Kazia from GALICON. We produce Vision 2030 corporate conclaves, mega summits & VIP staging across Riyadh & Jeddah with Arabic/English interpretation & local ANB Bank invoicing. Can we share our 2026 lookbook?"
"APX-0101","Postman Software Private Limited","Unicorn Tech","Bangalore","India","+91 80 4093 1111","events@postman.com","97","Ready for Outreach","https://wa.me/918040931111?text=Hi%20Postman%20Software%20Private%20Limited%20Leadership!%20%F0%9F%91%8B%20I%20am%20Ismail%20Kazia%2C%20Founder%20of%20GALICON.%20We%20deliver%20turnkey%20corporate%20event%20production%20across%20Bangalore%20(The%20Leela%20Palace%2C%20ITC%20Gardenia%2C%20BIEC)%20with%20curved%204K%20LED%20staging%2C%20concert%20sound%20%26%20VIP%20protocol.%20Planning%20any%20tech%20summit%20or%20team%20conclave%20this%20quarter%3F%20Let's%20connect!","Exclusive Corporate Summit & Staging Production for Postman Software Private Limited (Bangalore)","Hi Postman Software Private Limited Leadership! 👋 I am Ismail Kazia, Founder of GALICON. We deliver turnkey corporate event production across Bangalore (The Leela Palace, ITC Gardenia, BIEC) with curved 4K LED staging, concert sound & VIP protocol. Planning any tech summit or team conclave this quarter? Let's connect!"
"APX-0102","Cred (Dreamplug Technologies)","Unicorn Tech","Bangalore","India","+91 80 6824 5000","partnerships@cred.club","98","Ready for Outreach","https://wa.me/918068245000?text=Hi%20Cred%20(Dreamplug%20Technologies)%20Leadership!%20%F0%9F%91%8B%20I%20am%20Ismail%20Kazia%2C%20Founder%20of%20GALICON.%20We%20deliver%20turnkey%20corporate%20event%20production%20across%20Bangalore%20(The%20Leela%20Palace%2C%20ITC%20Gardenia%2C%20BIEC)%20with%20curved%204K%20LED%20staging%2C%20concert%20sound%20%26%20VIP%20protocol.%20Planning%20any%20tech%20summit%20or%20team%20conclave%20this%20quarter%3F%20Let's%20connect!","Exclusive Corporate Summit & Staging Production for Cred (Dreamplug Technologies) (Bangalore)","Hi Cred (Dreamplug Technologies) Leadership! 👋 I am Ismail Kazia, Founder of GALICON. We deliver turnkey corporate event production across Bangalore (The Leela Palace, ITC Gardenia, BIEC) with curved 4K LED staging, concert sound & VIP protocol. Planning any tech summit or team conclave this quarter? Let's connect!"
"APX-0103","Urban Company Bangalore HQ","Unicorn Tech","Bangalore","India","+91 80 4680 9000","corporate@urbancompany.com","94","Ready for Outreach","https://wa.me/918046809000?text=Hi%20Urban%20Company%20Bangalore%20HQ%20Leadership!%20%F0%9F%91%8B%20I%20am%20Ismail%20Kazia%2C%20Founder%20of%20GALICON.%20We%20deliver%20turnkey%20corporate%20event%20production%20across%20Bangalore%20(The%20Leela%20Palace%2C%20ITC%20Gardenia%2C%20BIEC)%20with%20curved%204K%20LED%20staging%2C%20concert%20sound%20%26%20VIP%20protocol.%20Planning%20any%20tech%20summit%20or%20team%20conclave%20this%20quarter%3F%20Let's%20connect!","Exclusive Corporate Summit & Staging Production for Urban Company Bangalore HQ (Bangalore)","Hi Urban Company Bangalore HQ Leadership! 👋 I am Ismail Kazia, Founder of GALICON. We deliver turnkey corporate event production across Bangalore (The Leela Palace, ITC Gardenia, BIEC) with curved 4K LED staging, concert sound & VIP protocol. Planning any tech summit or team conclave this quarter? Let's connect!"
"APX-0104","Sheraton Grand Bangalore Hotel at Brigade Gateway","Unicorn Tech","Bangalore","India","+91 80 4252 1000","events.sheraton@marriott.com","98","Ready for Outreach","https://wa.me/918042521000?text=Hi%20Sheraton%20Grand%20Bangalore%20Hotel%20at%20Brigade%20Gateway%20Leadership!%20%F0%9F%91%8B%20I%20am%20Ismail%20Kazia%2C%20Founder%20of%20GALICON.%20We%20deliver%20turnkey%20corporate%20event%20production%20across%20Bangalore%20(The%20Leela%20Palace%2C%20ITC%20Gardenia%2C%20BIEC)%20with%20curved%204K%20LED%20staging%2C%20concert%20sound%20%26%20VIP%20protocol.%20Planning%20any%20tech%20summit%20or%20team%20conclave%20this%20quarter%3F%20Let's%20connect!","Exclusive Corporate Summit & Staging Production for Sheraton Grand Bangalore Hotel at Brigade Gateway (Bangalore)","Hi Sheraton Grand Bangalore Hotel at Brigade Gateway Leadership! 👋 I am Ismail Kazia, Founder of GALICON. We deliver turnkey corporate event production across Bangalore (The Leela Palace, ITC Gardenia, BIEC) with curved 4K LED staging, concert sound & VIP protocol. Planning any tech summit or team conclave this quarter? Let's connect!"
"APX-0105","Conrad Bengaluru (Hilton Luxury)","Unicorn Tech","Bangalore","India","+91 80 2214 4444","events.conrad@hilton.com","97","Ready for Outreach","https://wa.me/918022144444?text=Hi%20Conrad%20Bengaluru%20(Hilton%20Luxury)%20Leadership!%20%F0%9F%91%8B%20I%20am%20Ismail%20Kazia%2C%20Founder%20of%20GALICON.%20We%20deliver%20turnkey%20corporate%20event%20production%20across%20Bangalore%20(The%20Leela%20Palace%2C%20ITC%20Gardenia%2C%20BIEC)%20with%20curved%204K%20LED%20staging%2C%20concert%20sound%20%26%20VIP%20protocol.%20Planning%20any%20tech%20summit%20or%20team%20conclave%20this%20quarter%3F%20Let's%20connect!","Exclusive Corporate Summit & Staging Production for Conrad Bengaluru (Hilton Luxury) (Bangalore)","Hi Conrad Bengaluru (Hilton Luxury) Leadership! 👋 I am Ismail Kazia, Founder of GALICON. We deliver turnkey corporate event production across Bangalore (The Leela Palace, ITC Gardenia, BIEC) with curved 4K LED staging, concert sound & VIP protocol. Planning any tech summit or team conclave this quarter? Let's connect!"
"APX-0106","Embassy Office Parks REIT HQ","Unicorn Tech","Bangalore","India","+91 80 4722 2222","corporateevents@embassyofficeparks.com","96","Ready for Outreach","https://wa.me/918047222222?text=Hi%20Embassy%20Office%20Parks%20REIT%20HQ%20Leadership!%20%F0%9F%91%8B%20I%20am%20Ismail%20Kazia%2C%20Founder%20of%20GALICON.%20We%20deliver%20turnkey%20corporate%20event%20production%20across%20Bangalore%20(The%20Leela%20Palace%2C%20ITC%20Gardenia%2C%20BIEC)%20with%20curved%204K%20LED%20staging%2C%20concert%20sound%20%26%20VIP%20protocol.%20Planning%20any%20tech%20summit%20or%20team%20conclave%20this%20quarter%3F%20Let's%20connect!","Exclusive Corporate Summit & Staging Production for Embassy Office Parks REIT HQ (Bangalore)","Hi Embassy Office Parks REIT HQ Leadership! 👋 I am Ismail Kazia, Founder of GALICON. We deliver turnkey corporate event production across Bangalore (The Leela Palace, ITC Gardenia, BIEC) with curved 4K LED staging, concert sound & VIP protocol. Planning any tech summit or team conclave this quarter? Let's connect!"
"APX-0107","Omniyat Properties Dubai","Ultra-Luxury Real Estate","Dubai","UAE","+971 4 511 5000","leads@omniyat.com","98","Ready for Outreach","https://wa.me/97145115000?text=Hi%20Omniyat%20Properties%20Dubai%20Team!%20%F0%9F%91%8B%20We%20help%20luxury%20brands%20%26%20real%20estate%20developers%20in%20Dubai%20acquire%20high-net-worth%20buyers%20through%20hyper-targeted%20performance%20funnels%20(verified%204.8x%20ROAS).%20Are%20you%20looking%20to%20scale%20buyer%20acquisition%20this%20month%3F","High-Net-Worth Buyer Acquisition Funnel for Omniyat Properties Dubai (Dubai)","Hi Omniyat Properties Dubai Team! 👋 We help luxury brands & real estate developers in Dubai acquire high-net-worth buyers through hyper-targeted performance funnels (verified 4.8x ROAS). Are you looking to scale buyer acquisition this month?"
"APX-0108","Select Group UAE","Ultra-Luxury Real Estate","Dubai","UAE","+971 4 368 3333","marketing@select-group.ae","96","Ready for Outreach","https://wa.me/97143683333?text=Hi%20Select%20Group%20UAE%20Team!%20%F0%9F%91%8B%20We%20help%20luxury%20brands%20%26%20real%20estate%20developers%20in%20Dubai%20acquire%20high-net-worth%20buyers%20through%20hyper-targeted%20performance%20funnels%20(verified%204.8x%20ROAS).%20Are%20you%20looking%20to%20scale%20buyer%20acquisition%20this%20month%3F","High-Net-Worth Buyer Acquisition Funnel for Select Group UAE (Dubai)","Hi Select Group UAE Team! 👋 We help luxury brands & real estate developers in Dubai acquire high-net-worth buyers through hyper-targeted performance funnels (verified 4.8x ROAS). Are you looking to scale buyer acquisition this month?"
"APX-0109","Address Hotels + Resorts Group","Ultra-Luxury Real Estate","Dubai","UAE","+971 4 436 8888","events@addresshotels.com","97","Ready for Outreach","https://wa.me/97144368888?text=Hi%20Address%20Hotels%20%2B%20Resorts%20Group%20Team!%20%F0%9F%91%8B%20We%20help%20luxury%20brands%20%26%20real%20estate%20developers%20in%20Dubai%20acquire%20high-net-worth%20buyers%20through%20hyper-targeted%20performance%20funnels%20(verified%204.8x%20ROAS).%20Are%20you%20looking%20to%20scale%20buyer%20acquisition%20this%20month%3F","High-Net-Worth Buyer Acquisition Funnel for Address Hotels + Resorts Group (Dubai)","Hi Address Hotels + Resorts Group Team! 👋 We help luxury brands & real estate developers in Dubai acquire high-net-worth buyers through hyper-targeted performance funnels (verified 4.8x ROAS). Are you looking to scale buyer acquisition this month?"
"APX-0110","Al Habtoor Group PJSC","Ultra-Luxury Real Estate","Dubai","UAE","+971 4 394 1444","marketing@habtoor.com","95","Ready for Outreach","https://wa.me/97143941444?text=Hi%20Al%20Habtoor%20Group%20PJSC%20Team!%20%F0%9F%91%8B%20We%20help%20luxury%20brands%20%26%20real%20estate%20developers%20in%20Dubai%20acquire%20high-net-worth%20buyers%20through%20hyper-targeted%20performance%20funnels%20(verified%204.8x%20ROAS).%20Are%20you%20looking%20to%20scale%20buyer%20acquisition%20this%20month%3F","High-Net-Worth Buyer Acquisition Funnel for Al Habtoor Group PJSC (Dubai)","Hi Al Habtoor Group PJSC Team! 👋 We help luxury brands & real estate developers in Dubai acquire high-net-worth buyers through hyper-targeted performance funnels (verified 4.8x ROAS). Are you looking to scale buyer acquisition this month?"
"APX-0111","111 Harley St. Cosmetic Clinic","Harley Street Medical & Aesthetic","London","UK","+44 20 7935 4400","enquiries@111harleystreet.com","96","Ready for Outreach","https://wa.me/442079354400?text=Hello%20111%20Harley%20St.%20Cosmetic%20Clinic%20Team!%20%F0%9F%91%8B%20We%20help%20private%20medical%20%26%20aesthetic%20clinics%20in%20London%20generate%2025-35%20high-ticket%20consultation%20bookings%20every%20month%20through%20automated%20search%20%26%20paid%20media%20funnels.%20Would%20you%20be%20open%20to%20a%202-minute%20breakdown%3F","Predictable High-Ticket Patient Acquisition for 111 Harley St. Cosmetic Clinic (London)","Hello 111 Harley St. Cosmetic Clinic Team! 👋 We help private medical & aesthetic clinics in London generate 25-35 high-ticket consultation bookings every month through automated search & paid media funnels. Would you be open to a 2-minute breakdown?"
"APX-0112","EF Medispa London","Harley Street Medical & Aesthetic","London","UK","+44 20 7368 7676","marketing@efmedispa.com","94","Ready for Outreach","https://wa.me/442073687676?text=Hello%20EF%20Medispa%20London%20Team!%20%F0%9F%91%8B%20We%20help%20private%20medical%20%26%20aesthetic%20clinics%20in%20London%20generate%2025-35%20high-ticket%20consultation%20bookings%20every%20month%20through%20automated%20search%20%26%20paid%20media%20funnels.%20Would%20you%20be%20open%20to%20a%202-minute%20breakdown%3F","Predictable High-Ticket Patient Acquisition for EF Medispa London (London)","Hello EF Medispa London Team! 👋 We help private medical & aesthetic clinics in London generate 25-35 high-ticket consultation bookings every month through automated search & paid media funnels. Would you be open to a 2-minute breakdown?"
"APX-0113","Coutts Private Banking London","Harley Street Medical & Aesthetic","London","UK","+44 20 7753 1000","events@coutts.com","97","Ready for Outreach","https://wa.me/442077531000?text=Hello%20Coutts%20Private%20Banking%20London%20Team!%20%F0%9F%91%8B%20We%20help%20private%20medical%20%26%20aesthetic%20clinics%20in%20London%20generate%2025-35%20high-ticket%20consultation%20bookings%20every%20month%20through%20automated%20search%20%26%20paid%20media%20funnels.%20Would%20you%20be%20open%20to%20a%202-minute%20breakdown%3F","Predictable High-Ticket Patient Acquisition for Coutts Private Banking London (London)","Hello Coutts Private Banking London Team! 👋 We help private medical & aesthetic clinics in London generate 25-35 high-ticket consultation bookings every month through automated search & paid media funnels. Would you be open to a 2-minute breakdown?"
"APX-0114","Tata Sons Corporate Affairs","Billion Dollar Conglomerates","Mumbai","India","+91 22 6665 8282","corporate@tata.com","99","Ready for Outreach","https://wa.me/912266658282?text=Hi%20Tata%20Sons%20Corporate%20Affairs%20Marketing%20Team!%20%F0%9F%91%8B%20We%20help%20high-growth%20companies%20in%20Mumbai%20scale%20revenue%20with%20high-speed%20web%20apps%2C%20AI%20automation%20bots%20%26%20performance%20marketing.%20Are%20you%20planning%20any%20major%20scaling%20pushes%20this%20quarter%3F","Growth Engineering & AI Performance Funnels for Tata Sons Corporate Affairs","Hi Tata Sons Corporate Affairs Marketing Team! 👋 We help high-growth companies in Mumbai scale revenue with high-speed web apps, AI automation bots & performance marketing. Are you planning any major scaling pushes this quarter?"
"APX-0115","Reliance Retail Limited","Billion Dollar Conglomerates","Mumbai","India","+91 22 3555 3800","marketing@relianceretail.com","98","Ready for Outreach","https://wa.me/912235553800?text=Hi%20Reliance%20Retail%20Limited%20Marketing%20Team!%20%F0%9F%91%8B%20We%20help%20high-growth%20companies%20in%20Mumbai%20scale%20revenue%20with%20high-speed%20web%20apps%2C%20AI%20automation%20bots%20%26%20performance%20marketing.%20Are%20you%20planning%20any%20major%20scaling%20pushes%20this%20quarter%3F","Growth Engineering & AI Performance Funnels for Reliance Retail Limited","Hi Reliance Retail Limited Marketing Team! 👋 We help high-growth companies in Mumbai scale revenue with high-speed web apps, AI automation bots & performance marketing. Are you planning any major scaling pushes this quarter?"
"APX-0116","Groww (Nextbillion Technology)","Billion Dollar Conglomerates","Mumbai","India","+91 80 6824 0000","growth@groww.in","96","Ready for Outreach","https://wa.me/918068240000?text=Hi%20Groww%20(Nextbillion%20Technology)%20Marketing%20Team!%20%F0%9F%91%8B%20We%20help%20high-growth%20companies%20in%20Mumbai%20scale%20revenue%20with%20high-speed%20web%20apps%2C%20AI%20automation%20bots%20%26%20performance%20marketing.%20Are%20you%20planning%20any%20major%20scaling%20pushes%20this%20quarter%3F","Growth Engineering & AI Performance Funnels for Groww (Nextbillion Technology)","Hi Groww (Nextbillion Technology) Marketing Team! 👋 We help high-growth companies in Mumbai scale revenue with high-speed web apps, AI automation bots & performance marketing. Are you planning any major scaling pushes this quarter?"
"APX-0117","Qiddiya Investment Company (PIF)","Sovereign Wealth & Mega Projects","Riyadh","Saudi Arabia","+966 11 829 0000","info@qiddiya.com","99","Ready for Outreach","https://wa.me/966118290000?text=Marhaba%20Qiddiya%20Investment%20Company%20(PIF)%20Team!%20%F0%9F%91%8B%20I%20am%20Ismail%20Kazia%20from%20GALICON.%20We%20produce%20Vision%202030%20corporate%20conclaves%2C%20mega%20summits%20%26%20VIP%20staging%20across%20Riyadh%20%26%20Jeddah%20with%20Arabic%2FEnglish%20interpretation%20%26%20local%20ANB%20Bank%20invoicing.%20Can%20we%20share%20our%202026%20lookbook%3F","Saudi Vision 2030 Executive Conclave & Staging Partnership — Qiddiya Investment Company (PIF) (Riyadh / Jeddah)","Marhaba Qiddiya Investment Company (PIF) Team! 👋 I am Ismail Kazia from GALICON. We produce Vision 2030 corporate conclaves, mega summits & VIP staging across Riyadh & Jeddah with Arabic/English interpretation & local ANB Bank invoicing. Can we share our 2026 lookbook?"
"APX-0118","Olayan Financing Company","Commercial Conglomerate","Riyadh","Saudi Arabia","+966 11 477 7555","corporate@olayan.com","97","Ready for Outreach","https://wa.me/966114777555?text=Marhaba%20Olayan%20Financing%20Company%20Team!%20%F0%9F%91%8B%20I%20am%20Ismail%20Kazia%20from%20GALICON.%20We%20produce%20Vision%202030%20corporate%20conclaves%2C%20mega%20summits%20%26%20VIP%20staging%20across%20Riyadh%20%26%20Jeddah%20with%20Arabic%2FEnglish%20interpretation%20%26%20local%20ANB%20Bank%20invoicing.%20Can%20we%20share%20our%202026%20lookbook%3F","Saudi Vision 2030 Executive Conclave & Staging Partnership — Olayan Financing Company (Riyadh / Jeddah)","Marhaba Olayan Financing Company Team! 👋 I am Ismail Kazia from GALICON. We produce Vision 2030 corporate conclaves, mega summits & VIP staging across Riyadh & Jeddah with Arabic/English interpretation & local ANB Bank invoicing. Can we share our 2026 lookbook?"
"APX-0119","Zamil Industrial Investment Company","Industrial Conglomerate","Dammam","Saudi Arabia","+966 13 810 8000","corporate@zamilindustrial.com","96","Ready for Outreach","https://wa.me/966138108000?text=Marhaba%20Zamil%20Industrial%20Investment%20Company%20Team!%20%F0%9F%91%8B%20I%20am%20Ismail%20Kazia%20from%20GALICON.%20We%20produce%20Vision%202030%20corporate%20conclaves%2C%20mega%20summits%20%26%20VIP%20staging%20across%20Riyadh%20%26%20Jeddah%20with%20Arabic%2FEnglish%20interpretation%20%26%20local%20ANB%20Bank%20invoicing.%20Can%20we%20share%20our%202026%20lookbook%3F","Saudi Vision 2030 Executive Conclave & Staging Partnership — Zamil Industrial Investment Company (Riyadh / Jeddah)","Marhaba Zamil Industrial Investment Company Team! 👋 I am Ismail Kazia from GALICON. We produce Vision 2030 corporate conclaves, mega summits & VIP staging across Riyadh & Jeddah with Arabic/English interpretation & local ANB Bank invoicing. Can we share our 2026 lookbook?"
"APX-0120","Rawabi Holding Group","Petrochemical & Energy Services","Al Khobar","Saudi Arabia","+966 13 865 7000","info@rawabiholding.com","97","Ready for Outreach","https://wa.me/966138657000?text=Marhaba%20Rawabi%20Holding%20Group%20Team!%20%F0%9F%91%8B%20I%20am%20Ismail%20Kazia%20from%20GALICON.%20We%20produce%20Vision%202030%20corporate%20conclaves%2C%20mega%20summits%20%26%20VIP%20staging%20across%20Riyadh%20%26%20Jeddah%20with%20Arabic%2FEnglish%20interpretation%20%26%20local%20ANB%20Bank%20invoicing.%20Can%20we%20share%20our%202026%20lookbook%3F","Saudi Vision 2030 Executive Conclave & Staging Partnership — Rawabi Holding Group (Riyadh / Jeddah)","Marhaba Rawabi Holding Group Team! 👋 I am Ismail Kazia from GALICON. We produce Vision 2030 corporate conclaves, mega summits & VIP staging across Riyadh & Jeddah with Arabic/English interpretation & local ANB Bank invoicing. Can we share our 2026 lookbook?"
"APX-0121","Four Seasons Hotel Riyadh at Kingdom Centre","Luxury Hospitality KSA","Riyadh","Saudi Arabia","+966 11 211 5000","events.riyadh@fourseasons.com","98","Ready for Outreach","https://wa.me/966112115000?text=Marhaba%20Four%20Seasons%20Hotel%20Riyadh%20at%20Kingdom%20Centre%20Team!%20%F0%9F%91%8B%20I%20am%20Ismail%20Kazia%20from%20GALICON.%20We%20produce%20Vision%202030%20corporate%20conclaves%2C%20mega%20summits%20%26%20VIP%20staging%20across%20Riyadh%20%26%20Jeddah%20with%20Arabic%2FEnglish%20interpretation%20%26%20local%20ANB%20Bank%20invoicing.%20Can%20we%20share%20our%202026%20lookbook%3F","Saudi Vision 2030 Executive Conclave & Staging Partnership — Four Seasons Hotel Riyadh at Kingdom Centre (Riyadh / Jeddah)","Marhaba Four Seasons Hotel Riyadh at Kingdom Centre Team! 👋 I am Ismail Kazia from GALICON. We produce Vision 2030 corporate conclaves, mega summits & VIP staging across Riyadh & Jeddah with Arabic/English interpretation & local ANB Bank invoicing. Can we share our 2026 lookbook?"
"APX-0122","Tamara Fintech KSA","Fintech Unicorn Saudi","Riyadh","Saudi Arabia","+966 11 520 2020","partnerships@tamara.co","98","Ready for Outreach","https://wa.me/966115202020?text=Marhaba%20Tamara%20Fintech%20KSA%20Team!%20%F0%9F%91%8B%20I%20am%20Ismail%20Kazia%20from%20GALICON.%20We%20produce%20Vision%202030%20corporate%20conclaves%2C%20mega%20summits%20%26%20VIP%20staging%20across%20Riyadh%20%26%20Jeddah%20with%20Arabic%2FEnglish%20interpretation%20%26%20local%20ANB%20Bank%20invoicing.%20Can%20we%20share%20our%202026%20lookbook%3F","Saudi Vision 2030 Executive Conclave & Staging Partnership — Tamara Fintech KSA (Riyadh / Jeddah)","Marhaba Tamara Fintech KSA Team! 👋 I am Ismail Kazia from GALICON. We produce Vision 2030 corporate conclaves, mega summits & VIP staging across Riyadh & Jeddah with Arabic/English interpretation & local ANB Bank invoicing. Can we share our 2026 lookbook?"
"APX-0123","Tabby Saudi Arabia","Fintech Unicorn Saudi","Riyadh","Saudi Arabia","+966 11 511 8888","merchant@tabby.ai","97","Ready for Outreach","https://wa.me/966115118888?text=Marhaba%20Tabby%20Saudi%20Arabia%20Team!%20%F0%9F%91%8B%20I%20am%20Ismail%20Kazia%20from%20GALICON.%20We%20produce%20Vision%202030%20corporate%20conclaves%2C%20mega%20summits%20%26%20VIP%20staging%20across%20Riyadh%20%26%20Jeddah%20with%20Arabic%2FEnglish%20interpretation%20%26%20local%20ANB%20Bank%20invoicing.%20Can%20we%20share%20our%202026%20lookbook%3F","Saudi Vision 2030 Executive Conclave & Staging Partnership — Tabby Saudi Arabia (Riyadh / Jeddah)","Marhaba Tabby Saudi Arabia Team! 👋 I am Ismail Kazia from GALICON. We produce Vision 2030 corporate conclaves, mega summits & VIP staging across Riyadh & Jeddah with Arabic/English interpretation & local ANB Bank invoicing. Can we share our 2026 lookbook?"
"APX-0124","Al Akaria (Saudi Real Estate Co.)","Commercial Real Estate","Riyadh","Saudi Arabia","+966 11 460 0000","info@al-akaria.com","95","Ready for Outreach","https://wa.me/966114600000?text=Marhaba%20Al%20Akaria%20(Saudi%20Real%20Estate%20Co.)%20Team!%20%F0%9F%91%8B%20I%20am%20Ismail%20Kazia%20from%20GALICON.%20We%20produce%20Vision%202030%20corporate%20conclaves%2C%20mega%20summits%20%26%20VIP%20staging%20across%20Riyadh%20%26%20Jeddah%20with%20Arabic%2FEnglish%20interpretation%20%26%20local%20ANB%20Bank%20invoicing.%20Can%20we%20share%20our%202026%20lookbook%3F","Saudi Vision 2030 Executive Conclave & Staging Partnership — Al Akaria (Saudi Real Estate Co.) (Riyadh / Jeddah)","Marhaba Al Akaria (Saudi Real Estate Co.) Team! 👋 I am Ismail Kazia from GALICON. We produce Vision 2030 corporate conclaves, mega summits & VIP staging across Riyadh & Jeddah with Arabic/English interpretation & local ANB Bank invoicing. Can we share our 2026 lookbook?"
"APX-0125","Almajdouie Logistics Group","Logistics & Supply Chain","Dammam","Saudi Arabia","+966 13 819 8111","marketing@almajdouie.com","94","Ready for Outreach","https://wa.me/966138198111?text=Marhaba%20Almajdouie%20Logistics%20Group%20Team!%20%F0%9F%91%8B%20I%20am%20Ismail%20Kazia%20from%20GALICON.%20We%20produce%20Vision%202030%20corporate%20conclaves%2C%20mega%20summits%20%26%20VIP%20staging%20across%20Riyadh%20%26%20Jeddah%20with%20Arabic%2FEnglish%20interpretation%20%26%20local%20ANB%20Bank%20invoicing.%20Can%20we%20share%20our%202026%20lookbook%3F","Saudi Vision 2030 Executive Conclave & Staging Partnership — Almajdouie Logistics Group (Riyadh / Jeddah)","Marhaba Almajdouie Logistics Group Team! 👋 I am Ismail Kazia from GALICON. We produce Vision 2030 corporate conclaves, mega summits & VIP staging across Riyadh & Jeddah with Arabic/English interpretation & local ANB Bank invoicing. Can we share our 2026 lookbook?"
"APX-0126","Dr. Sulaiman Al Habib Medical Group","Private Healthcare KSA","Riyadh","Saudi Arabia","+966 11 525 9999","corporate@hmg.com","98","Ready for Outreach","https://wa.me/966115259999?text=Marhaba%20Dr.%20Sulaiman%20Al%20Habib%20Medical%20Group%20Team!%20%F0%9F%91%8B%20I%20am%20Ismail%20Kazia%20from%20GALICON.%20We%20produce%20Vision%202030%20corporate%20conclaves%2C%20mega%20summits%20%26%20VIP%20staging%20across%20Riyadh%20%26%20Jeddah%20with%20Arabic%2FEnglish%20interpretation%20%26%20local%20ANB%20Bank%20invoicing.%20Can%20we%20share%20our%202026%20lookbook%3F","Saudi Vision 2030 Executive Conclave & Staging Partnership — Dr. Sulaiman Al Habib Medical Group (Riyadh / Jeddah)","Marhaba Dr. Sulaiman Al Habib Medical Group Team! 👋 I am Ismail Kazia from GALICON. We produce Vision 2030 corporate conclaves, mega summits & VIP staging across Riyadh & Jeddah with Arabic/English interpretation & local ANB Bank invoicing. Can we share our 2026 lookbook?"
"APX-0127","Al Jazirah Vehicles Agencies (Ford Luxury)","Automotive Luxury KSA","Riyadh","Saudi Arabia","+966 11 231 0000","marketing@aljazirah.com.sa","93","Ready for Outreach","https://wa.me/966112310000?text=Marhaba%20Al%20Jazirah%20Vehicles%20Agencies%20(Ford%20Luxury)%20Team!%20%F0%9F%91%8B%20I%20am%20Ismail%20Kazia%20from%20GALICON.%20We%20produce%20Vision%202030%20corporate%20conclaves%2C%20mega%20summits%20%26%20VIP%20staging%20across%20Riyadh%20%26%20Jeddah%20with%20Arabic%2FEnglish%20interpretation%20%26%20local%20ANB%20Bank%20invoicing.%20Can%20we%20share%20our%202026%20lookbook%3F","Saudi Vision 2030 Executive Conclave & Staging Partnership — Al Jazirah Vehicles Agencies (Ford Luxury) (Riyadh / Jeddah)","Marhaba Al Jazirah Vehicles Agencies (Ford Luxury) Team! 👋 I am Ismail Kazia from GALICON. We produce Vision 2030 corporate conclaves, mega summits & VIP staging across Riyadh & Jeddah with Arabic/English interpretation & local ANB Bank invoicing. Can we share our 2026 lookbook?"
"APX-0128","Herfy Food Services Company","Food & Beverage Chain","Riyadh","Saudi Arabia","+966 11 450 9767","marketing@herfy.com","92","Ready for Outreach","https://wa.me/966114509767?text=Marhaba%20Herfy%20Food%20Services%20Company%20Team!%20%F0%9F%91%8B%20I%20am%20Ismail%20Kazia%20from%20GALICON.%20We%20produce%20Vision%202030%20corporate%20conclaves%2C%20mega%20summits%20%26%20VIP%20staging%20across%20Riyadh%20%26%20Jeddah%20with%20Arabic%2FEnglish%20interpretation%20%26%20local%20ANB%20Bank%20invoicing.%20Can%20we%20share%20our%202026%20lookbook%3F","Saudi Vision 2030 Executive Conclave & Staging Partnership — Herfy Food Services Company (Riyadh / Jeddah)","Marhaba Herfy Food Services Company Team! 👋 I am Ismail Kazia from GALICON. We produce Vision 2030 corporate conclaves, mega summits & VIP staging across Riyadh & Jeddah with Arabic/English interpretation & local ANB Bank invoicing. Can we share our 2026 lookbook?"
"APX-0129","Hasura Technologies","AI & DeepTech Unicorn","Bangalore","India","+91 80 4719 3000","events@hasura.io","96","Ready for Outreach","https://wa.me/918047193000?text=Hi%20Hasura%20Technologies%20Leadership!%20%F0%9F%91%8B%20I%20am%20Ismail%20Kazia%2C%20Founder%20of%20GALICON.%20We%20deliver%20turnkey%20corporate%20event%20production%20across%20Bangalore%20(The%20Leela%20Palace%2C%20ITC%20Gardenia%2C%20BIEC)%20with%20curved%204K%20LED%20staging%2C%20concert%20sound%20%26%20VIP%20protocol.%20Planning%20any%20tech%20summit%20or%20team%20conclave%20this%20quarter%3F%20Let's%20connect!","Exclusive Corporate Summit & Staging Production for Hasura Technologies (Bangalore)","Hi Hasura Technologies Leadership! 👋 I am Ismail Kazia, Founder of GALICON. We deliver turnkey corporate event production across Bangalore (The Leela Palace, ITC Gardenia, BIEC) with curved 4K LED staging, concert sound & VIP protocol. Planning any tech summit or team conclave this quarter? Let's connect!"
"APX-0130","Delhivery Bangalore Hub","Logistics Tech Unicorn","Bangalore","India","+91 124 671 9500","events@delhivery.com","95","Ready for Outreach","https://wa.me/911246719500?text=Hi%20Delhivery%20Bangalore%20Hub%20Leadership!%20%F0%9F%91%8B%20I%20am%20Ismail%20Kazia%2C%20Founder%20of%20GALICON.%20We%20deliver%20turnkey%20corporate%20event%20production%20across%20Bangalore%20(The%20Leela%20Palace%2C%20ITC%20Gardenia%2C%20BIEC)%20with%20curved%204K%20LED%20staging%2C%20concert%20sound%20%26%20VIP%20protocol.%20Planning%20any%20tech%20summit%20or%20team%20conclave%20this%20quarter%3F%20Let's%20connect!","Exclusive Corporate Summit & Staging Production for Delhivery Bangalore Hub (Bangalore)","Hi Delhivery Bangalore Hub Leadership! 👋 I am Ismail Kazia, Founder of GALICON. We deliver turnkey corporate event production across Bangalore (The Leela Palace, ITC Gardenia, BIEC) with curved 4K LED staging, concert sound & VIP protocol. Planning any tech summit or team conclave this quarter? Let's connect!"
"APX-0131","Gameskraft Technologies","Gaming & Metaverse","Bangalore","India","+91 80 6813 5000","brand@gameskraft.com","94","Ready for Outreach","https://wa.me/918068135000?text=Hi%20Gameskraft%20Technologies%20Leadership!%20%F0%9F%91%8B%20I%20am%20Ismail%20Kazia%2C%20Founder%20of%20GALICON.%20We%20deliver%20turnkey%20corporate%20event%20production%20across%20Bangalore%20(The%20Leela%20Palace%2C%20ITC%20Gardenia%2C%20BIEC)%20with%20curved%204K%20LED%20staging%2C%20concert%20sound%20%26%20VIP%20protocol.%20Planning%20any%20tech%20summit%20or%20team%20conclave%20this%20quarter%3F%20Let's%20connect!","Exclusive Corporate Summit & Staging Production for Gameskraft Technologies (Bangalore)","Hi Gameskraft Technologies Leadership! 👋 I am Ismail Kazia, Founder of GALICON. We deliver turnkey corporate event production across Bangalore (The Leela Palace, ITC Gardenia, BIEC) with curved 4K LED staging, concert sound & VIP protocol. Planning any tech summit or team conclave this quarter? Let's connect!"
"APX-0132","Udaan (Hiveloop Technology)","B2B E-commerce Unicorn","Bangalore","India","+91 80 4683 4000","corporate@udaan.com","95","Ready for Outreach","https://wa.me/918046834000?text=Hi%20Udaan%20(Hiveloop%20Technology)%20Leadership!%20%F0%9F%91%8B%20I%20am%20Ismail%20Kazia%2C%20Founder%20of%20GALICON.%20We%20deliver%20turnkey%20corporate%20event%20production%20across%20Bangalore%20(The%20Leela%20Palace%2C%20ITC%20Gardenia%2C%20BIEC)%20with%20curved%204K%20LED%20staging%2C%20concert%20sound%20%26%20VIP%20protocol.%20Planning%20any%20tech%20summit%20or%20team%20conclave%20this%20quarter%3F%20Let's%20connect!","Exclusive Corporate Summit & Staging Production for Udaan (Hiveloop Technology) (Bangalore)","Hi Udaan (Hiveloop Technology) Leadership! 👋 I am Ismail Kazia, Founder of GALICON. We deliver turnkey corporate event production across Bangalore (The Leela Palace, ITC Gardenia, BIEC) with curved 4K LED staging, concert sound & VIP protocol. Planning any tech summit or team conclave this quarter? Let's connect!"
"APX-0133","Four Seasons Hotel Bengaluru at Embassy ONE","Luxury Hotel & Convention Venue","Bangalore","India","+91 80 4522 2222","events.bengaluru@fourseasons.com","99","Ready for Outreach","https://wa.me/918045222222?text=Hi%20Four%20Seasons%20Hotel%20Bengaluru%20at%20Embassy%20ONE%20Leadership!%20%F0%9F%91%8B%20I%20am%20Ismail%20Kazia%2C%20Founder%20of%20GALICON.%20We%20deliver%20turnkey%20corporate%20event%20production%20across%20Bangalore%20(The%20Leela%20Palace%2C%20ITC%20Gardenia%2C%20BIEC)%20with%20curved%204K%20LED%20staging%2C%20concert%20sound%20%26%20VIP%20protocol.%20Planning%20any%20tech%20summit%20or%20team%20conclave%20this%20quarter%3F%20Let's%20connect!","Exclusive Corporate Summit & Staging Production for Four Seasons Hotel Bengaluru at Embassy ONE (Bangalore)","Hi Four Seasons Hotel Bengaluru at Embassy ONE Leadership! 👋 I am Ismail Kazia, Founder of GALICON. We deliver turnkey corporate event production across Bangalore (The Leela Palace, ITC Gardenia, BIEC) with curved 4K LED staging, concert sound & VIP protocol. Planning any tech summit or team conclave this quarter? Let's connect!"
"APX-0134","The Oberoi Bengaluru","Luxury Heritage Hotel","Bangalore","India","+91 80 2558 5858","events.bengaluru@oberoihotels.com","99","Ready for Outreach","https://wa.me/918025585858?text=Hi%20The%20Oberoi%20Bengaluru%20Leadership!%20%F0%9F%91%8B%20I%20am%20Ismail%20Kazia%2C%20Founder%20of%20GALICON.%20We%20deliver%20turnkey%20corporate%20event%20production%20across%20Bangalore%20(The%20Leela%20Palace%2C%20ITC%20Gardenia%2C%20BIEC)%20with%20curved%204K%20LED%20staging%2C%20concert%20sound%20%26%20VIP%20protocol.%20Planning%20any%20tech%20summit%20or%20team%20conclave%20this%20quarter%3F%20Let's%20connect!","Exclusive Corporate Summit & Staging Production for The Oberoi Bengaluru (Bangalore)","Hi The Oberoi Bengaluru Leadership! 👋 I am Ismail Kazia, Founder of GALICON. We deliver turnkey corporate event production across Bangalore (The Leela Palace, ITC Gardenia, BIEC) with curved 4K LED staging, concert sound & VIP protocol. Planning any tech summit or team conclave this quarter? Let's connect!"
"APX-0135","IndiQube Bangalore Tech Spaces","Enterprise Coworking","Bangalore","India","+91 80 4646 4000","events@indiqube.com","93","Ready for Outreach","https://wa.me/918046464000?text=Hi%20IndiQube%20Bangalore%20Tech%20Spaces%20Leadership!%20%F0%9F%91%8B%20I%20am%20Ismail%20Kazia%2C%20Founder%20of%20GALICON.%20We%20deliver%20turnkey%20corporate%20event%20production%20across%20Bangalore%20(The%20Leela%20Palace%2C%20ITC%20Gardenia%2C%20BIEC)%20with%20curved%204K%20LED%20staging%2C%20concert%20sound%20%26%20VIP%20protocol.%20Planning%20any%20tech%20summit%20or%20team%20conclave%20this%20quarter%3F%20Let's%20connect!","Exclusive Corporate Summit & Staging Production for IndiQube Bangalore Tech Spaces (Bangalore)","Hi IndiQube Bangalore Tech Spaces Leadership! 👋 I am Ismail Kazia, Founder of GALICON. We deliver turnkey corporate event production across Bangalore (The Leela Palace, ITC Gardenia, BIEC) with curved 4K LED staging, concert sound & VIP protocol. Planning any tech summit or team conclave this quarter? Let's connect!"
"APX-0136","Slice (GaragePreneurs Internet)","Fintech Unicorn","Bangalore","India","+91 80 4709 6430","partnerships@sliceit.com","95","Ready for Outreach","https://wa.me/918047096430?text=Hi%20Slice%20(GaragePreneurs%20Internet)%20Leadership!%20%F0%9F%91%8B%20I%20am%20Ismail%20Kazia%2C%20Founder%20of%20GALICON.%20We%20deliver%20turnkey%20corporate%20event%20production%20across%20Bangalore%20(The%20Leela%20Palace%2C%20ITC%20Gardenia%2C%20BIEC)%20with%20curved%204K%20LED%20staging%2C%20concert%20sound%20%26%20VIP%20protocol.%20Planning%20any%20tech%20summit%20or%20team%20conclave%20this%20quarter%3F%20Let's%20connect!","Exclusive Corporate Summit & Staging Production for Slice (GaragePreneurs Internet) (Bangalore)","Hi Slice (GaragePreneurs Internet) Leadership! 👋 I am Ismail Kazia, Founder of GALICON. We deliver turnkey corporate event production across Bangalore (The Leela Palace, ITC Gardenia, BIEC) with curved 4K LED staging, concert sound & VIP protocol. Planning any tech summit or team conclave this quarter? Let's connect!"
"APX-0137","Curefoods / Cult.fit","Health & Fitness Unicorn","Bangalore","India","+91 80 4680 7700","events@cult.fit","96","Ready for Outreach","https://wa.me/918046807700?text=Hi%20Curefoods%20%2F%20Cult.fit%20Leadership!%20%F0%9F%91%8B%20I%20am%20Ismail%20Kazia%2C%20Founder%20of%20GALICON.%20We%20deliver%20turnkey%20corporate%20event%20production%20across%20Bangalore%20(The%20Leela%20Palace%2C%20ITC%20Gardenia%2C%20BIEC)%20with%20curved%204K%20LED%20staging%2C%20concert%20sound%20%26%20VIP%20protocol.%20Planning%20any%20tech%20summit%20or%20team%20conclave%20this%20quarter%3F%20Let's%20connect!","Exclusive Corporate Summit & Staging Production for Curefoods / Cult.fit (Bangalore)","Hi Curefoods / Cult.fit Leadership! 👋 I am Ismail Kazia, Founder of GALICON. We deliver turnkey corporate event production across Bangalore (The Leela Palace, ITC Gardenia, BIEC) with curved 4K LED staging, concert sound & VIP protocol. Planning any tech summit or team conclave this quarter? Let's connect!"
"APX-0138","Unacademy (Sorting Hat Technologies)","Edtech Leader","Bangalore","India","+91 80 4719 0000","events@unacademy.com","94","Ready for Outreach","https://wa.me/918047190000?text=Hi%20Unacademy%20(Sorting%20Hat%20Technologies)%20Leadership!%20%F0%9F%91%8B%20I%20am%20Ismail%20Kazia%2C%20Founder%20of%20GALICON.%20We%20deliver%20turnkey%20corporate%20event%20production%20across%20Bangalore%20(The%20Leela%20Palace%2C%20ITC%20Gardenia%2C%20BIEC)%20with%20curved%204K%20LED%20staging%2C%20concert%20sound%20%26%20VIP%20protocol.%20Planning%20any%20tech%20summit%20or%20team%20conclave%20this%20quarter%3F%20Let's%20connect!","Exclusive Corporate Summit & Staging Production for Unacademy (Sorting Hat Technologies) (Bangalore)","Hi Unacademy (Sorting Hat Technologies) Leadership! 👋 I am Ismail Kazia, Founder of GALICON. We deliver turnkey corporate event production across Bangalore (The Leela Palace, ITC Gardenia, BIEC) with curved 4K LED staging, concert sound & VIP protocol. Planning any tech summit or team conclave this quarter? Let's connect!"
"APX-0139","Ather Energy Private Limited","Aerospace & EV Tech","Bangalore","India","+91 80 6646 5700","corporate@atherenergy.com","97","Ready for Outreach","https://wa.me/918066465700?text=Hi%20Ather%20Energy%20Private%20Limited%20Leadership!%20%F0%9F%91%8B%20I%20am%20Ismail%20Kazia%2C%20Founder%20of%20GALICON.%20We%20deliver%20turnkey%20corporate%20event%20production%20across%20Bangalore%20(The%20Leela%20Palace%2C%20ITC%20Gardenia%2C%20BIEC)%20with%20curved%204K%20LED%20staging%2C%20concert%20sound%20%26%20VIP%20protocol.%20Planning%20any%20tech%20summit%20or%20team%20conclave%20this%20quarter%3F%20Let's%20connect!","Exclusive Corporate Summit & Staging Production for Ather Energy Private Limited (Bangalore)","Hi Ather Energy Private Limited Leadership! 👋 I am Ismail Kazia, Founder of GALICON. We deliver turnkey corporate event production across Bangalore (The Leela Palace, ITC Gardenia, BIEC) with curved 4K LED staging, concert sound & VIP protocol. Planning any tech summit or team conclave this quarter? Let's connect!"
"APX-0140","Postman Labs Bangalore Hub","SaaS Unicorn","Bangalore","India","+91 80 4122 8000","community@postman.com","98","Ready for Outreach","https://wa.me/918041228000?text=Hi%20Postman%20Labs%20Bangalore%20Hub%20Leadership!%20%F0%9F%91%8B%20I%20am%20Ismail%20Kazia%2C%20Founder%20of%20GALICON.%20We%20deliver%20turnkey%20corporate%20event%20production%20across%20Bangalore%20(The%20Leela%20Palace%2C%20ITC%20Gardenia%2C%20BIEC)%20with%20curved%204K%20LED%20staging%2C%20concert%20sound%20%26%20VIP%20protocol.%20Planning%20any%20tech%20summit%20or%20team%20conclave%20this%20quarter%3F%20Let's%20connect!","Exclusive Corporate Summit & Staging Production for Postman Labs Bangalore Hub (Bangalore)","Hi Postman Labs Bangalore Hub Leadership! 👋 I am Ismail Kazia, Founder of GALICON. We deliver turnkey corporate event production across Bangalore (The Leela Palace, ITC Gardenia, BIEC) with curved 4K LED staging, concert sound & VIP protocol. Planning any tech summit or team conclave this quarter? Let's connect!"
"APX-0141","Red Sea Global (RSG)","Giga Project (Vision 2030)","Riyadh","Saudi Arabia","+966 11 828 0000","info@redseaglobal.com","99","Ready for Outreach","https://wa.me/966118280000?text=Marhaba%20Red%20Sea%20Global%20(RSG)%20Team!%20%F0%9F%91%8B%20I%20am%20Ismail%20Kazia%20from%20GALICON.%20We%20produce%20Vision%202030%20corporate%20conclaves%2C%20mega%20summits%20%26%20VIP%20staging%20across%20Riyadh%20%26%20Jeddah%20with%20Arabic%2FEnglish%20interpretation%20%26%20local%20ANB%20Bank%20invoicing.%20Can%20we%20share%20our%202026%20lookbook%3F","Saudi Vision 2030 Executive Conclave & Staging Partnership — Red Sea Global (RSG) (Riyadh / Jeddah)","Marhaba Red Sea Global (RSG) Team! 👋 I am Ismail Kazia from GALICON. We produce Vision 2030 corporate conclaves, mega summits & VIP staging across Riyadh & Jeddah with Arabic/English interpretation & local ANB Bank invoicing. Can we share our 2026 lookbook?"
"APX-0142","Diriyah Gate Development Authority (DGDA)","Heritage Giga Project","Riyadh","Saudi Arabia","+966 11 829 7000","info@dgda.gov.sa","99","Ready for Outreach","https://wa.me/966118297000?text=Marhaba%20Diriyah%20Gate%20Development%20Authority%20(DGDA)%20Team!%20%F0%9F%91%8B%20I%20am%20Ismail%20Kazia%20from%20GALICON.%20We%20produce%20Vision%202030%20corporate%20conclaves%2C%20mega%20summits%20%26%20VIP%20staging%20across%20Riyadh%20%26%20Jeddah%20with%20Arabic%2FEnglish%20interpretation%20%26%20local%20ANB%20Bank%20invoicing.%20Can%20we%20share%20our%202026%20lookbook%3F","Saudi Vision 2030 Executive Conclave & Staging Partnership — Diriyah Gate Development Authority (DGDA) (Riyadh / Jeddah)","Marhaba Diriyah Gate Development Authority (DGDA) Team! 👋 I am Ismail Kazia from GALICON. We produce Vision 2030 corporate conclaves, mega summits & VIP staging across Riyadh & Jeddah with Arabic/English interpretation & local ANB Bank invoicing. Can we share our 2026 lookbook?"
"APX-0143","The Ritz-Carlton Riyadh","Luxury Hospitality (KSA)","Riyadh","Saudi Arabia","+966 11 802 8020","events.riyadh@ritzcarlton.com","98","Ready for Outreach","https://wa.me/966118028020?text=Marhaba%20The%20Ritz-Carlton%20Riyadh%20Team!%20%F0%9F%91%8B%20I%20am%20Ismail%20Kazia%20from%20GALICON.%20We%20produce%20Vision%202030%20corporate%20conclaves%2C%20mega%20summits%20%26%20VIP%20staging%20across%20Riyadh%20%26%20Jeddah%20with%20Arabic%2FEnglish%20interpretation%20%26%20local%20ANB%20Bank%20invoicing.%20Can%20we%20share%20our%202026%20lookbook%3F","Saudi Vision 2030 Executive Conclave & Staging Partnership — The Ritz-Carlton Riyadh (Riyadh / Jeddah)","Marhaba The Ritz-Carlton Riyadh Team! 👋 I am Ismail Kazia from GALICON. We produce Vision 2030 corporate conclaves, mega summits & VIP staging across Riyadh & Jeddah with Arabic/English interpretation & local ANB Bank invoicing. Can we share our 2026 lookbook?"
"APX-0144","Al Rajhi Bank Corporate HQ","Commercial Bank","Riyadh","Saudi Arabia","+966 11 828 2515","corporate@alrajhibank.com.sa","98","Ready for Outreach","https://wa.me/966118282515?text=Marhaba%20Al%20Rajhi%20Bank%20Corporate%20HQ%20Team!%20%F0%9F%91%8B%20I%20am%20Ismail%20Kazia%20from%20GALICON.%20We%20produce%20Vision%202030%20corporate%20conclaves%2C%20mega%20summits%20%26%20VIP%20staging%20across%20Riyadh%20%26%20Jeddah%20with%20Arabic%2FEnglish%20interpretation%20%26%20local%20ANB%20Bank%20invoicing.%20Can%20we%20share%20our%202026%20lookbook%3F","Saudi Vision 2030 Executive Conclave & Staging Partnership — Al Rajhi Bank Corporate HQ (Riyadh / Jeddah)","Marhaba Al Rajhi Bank Corporate HQ Team! 👋 I am Ismail Kazia from GALICON. We produce Vision 2030 corporate conclaves, mega summits & VIP staging across Riyadh & Jeddah with Arabic/English interpretation & local ANB Bank invoicing. Can we share our 2026 lookbook?"
"APX-0145","Saudi National Bank (SNB AlAhli)","Commercial Bank","Riyadh","Saudi Arabia","+966 92000 1000","contact@alahli.com","98","Ready for Outreach","https://wa.me/966920001000?text=Marhaba%20Saudi%20National%20Bank%20(SNB%20AlAhli)%20Team!%20%F0%9F%91%8B%20I%20am%20Ismail%20Kazia%20from%20GALICON.%20We%20produce%20Vision%202030%20corporate%20conclaves%2C%20mega%20summits%20%26%20VIP%20staging%20across%20Riyadh%20%26%20Jeddah%20with%20Arabic%2FEnglish%20interpretation%20%26%20local%20ANB%20Bank%20invoicing.%20Can%20we%20share%20our%202026%20lookbook%3F","Saudi Vision 2030 Executive Conclave & Staging Partnership — Saudi National Bank (SNB AlAhli) (Riyadh / Jeddah)","Marhaba Saudi National Bank (SNB AlAhli) Team! 👋 I am Ismail Kazia from GALICON. We produce Vision 2030 corporate conclaves, mega summits & VIP staging across Riyadh & Jeddah with Arabic/English interpretation & local ANB Bank invoicing. Can we share our 2026 lookbook?"
"APX-0146","Maaden (Saudi Arabian Mining Co.)","Mining & Industrial Giant","Riyadh","Saudi Arabia","+966 11 874 8000","info@maaden.com.sa","97","Ready for Outreach","https://wa.me/966118748000?text=Marhaba%20Maaden%20(Saudi%20Arabian%20Mining%20Co.)%20Team!%20%F0%9F%91%8B%20I%20am%20Ismail%20Kazia%20from%20GALICON.%20We%20produce%20Vision%202030%20corporate%20conclaves%2C%20mega%20summits%20%26%20VIP%20staging%20across%20Riyadh%20%26%20Jeddah%20with%20Arabic%2FEnglish%20interpretation%20%26%20local%20ANB%20Bank%20invoicing.%20Can%20we%20share%20our%202026%20lookbook%3F","Saudi Vision 2030 Executive Conclave & Staging Partnership — Maaden (Saudi Arabian Mining Co.) (Riyadh / Jeddah)","Marhaba Maaden (Saudi Arabian Mining Co.) Team! 👋 I am Ismail Kazia from GALICON. We produce Vision 2030 corporate conclaves, mega summits & VIP staging across Riyadh & Jeddah with Arabic/English interpretation & local ANB Bank invoicing. Can we share our 2026 lookbook?"
"APX-0147","Almarai Company","Dairy & Food FMCG","Riyadh","Saudi Arabia","+966 11 470 0005","info@almarai.com","96","Ready for Outreach","https://wa.me/966114700005?text=Marhaba%20Almarai%20Company%20Team!%20%F0%9F%91%8B%20I%20am%20Ismail%20Kazia%20from%20GALICON.%20We%20produce%20Vision%202030%20corporate%20conclaves%2C%20mega%20summits%20%26%20VIP%20staging%20across%20Riyadh%20%26%20Jeddah%20with%20Arabic%2FEnglish%20interpretation%20%26%20local%20ANB%20Bank%20invoicing.%20Can%20we%20share%20our%202026%20lookbook%3F","Saudi Vision 2030 Executive Conclave & Staging Partnership — Almarai Company (Riyadh / Jeddah)","Marhaba Almarai Company Team! 👋 I am Ismail Kazia from GALICON. We produce Vision 2030 corporate conclaves, mega summits & VIP staging across Riyadh & Jeddah with Arabic/English interpretation & local ANB Bank invoicing. Can we share our 2026 lookbook?"
"APX-0148","Panda Retail Company (Savola Group)","Retail Giant KSA","Jeddah","Saudi Arabia","+966 12 698 8888","customercare@panda.com.sa","94","Ready for Outreach","https://wa.me/966126988888?text=Marhaba%20Panda%20Retail%20Company%20(Savola%20Group)%20Team!%20%F0%9F%91%8B%20I%20am%20Ismail%20Kazia%20from%20GALICON.%20We%20produce%20Vision%202030%20corporate%20conclaves%2C%20mega%20summits%20%26%20VIP%20staging%20across%20Riyadh%20%26%20Jeddah%20with%20Arabic%2FEnglish%20interpretation%20%26%20local%20ANB%20Bank%20invoicing.%20Can%20we%20share%20our%202026%20lookbook%3F","Saudi Vision 2030 Executive Conclave & Staging Partnership — Panda Retail Company (Savola Group) (Riyadh / Jeddah)","Marhaba Panda Retail Company (Savola Group) Team! 👋 I am Ismail Kazia from GALICON. We produce Vision 2030 corporate conclaves, mega summits & VIP staging across Riyadh & Jeddah with Arabic/English interpretation & local ANB Bank invoicing. Can we share our 2026 lookbook?"
"APX-0149","Saudia Airlines (Saudi Arabian Airlines)","Aviation Group","Jeddah","Saudi Arabia","+966 12 686 0000","corporate@saudia.com","97","Ready for Outreach","https://wa.me/966126860000?text=Marhaba%20Saudia%20Airlines%20(Saudi%20Arabian%20Airlines)%20Team!%20%F0%9F%91%8B%20I%20am%20Ismail%20Kazia%20from%20GALICON.%20We%20produce%20Vision%202030%20corporate%20conclaves%2C%20mega%20summits%20%26%20VIP%20staging%20across%20Riyadh%20%26%20Jeddah%20with%20Arabic%2FEnglish%20interpretation%20%26%20local%20ANB%20Bank%20invoicing.%20Can%20we%20share%20our%202026%20lookbook%3F","Saudi Vision 2030 Executive Conclave & Staging Partnership — Saudia Airlines (Saudi Arabian Airlines) (Riyadh / Jeddah)","Marhaba Saudia Airlines (Saudi Arabian Airlines) Team! 👋 I am Ismail Kazia from GALICON. We produce Vision 2030 corporate conclaves, mega summits & VIP staging across Riyadh & Jeddah with Arabic/English interpretation & local ANB Bank invoicing. Can we share our 2026 lookbook?"
"APX-0150","Riyadh Air (New Flagship Carrier)","Aviation Startup (PIF)","Riyadh","Saudi Arabia","+966 11 835 0000","media@riyadhair.com","99","Ready for Outreach","https://wa.me/966118350000?text=Marhaba%20Riyadh%20Air%20(New%20Flagship%20Carrier)%20Team!%20%F0%9F%91%8B%20I%20am%20Ismail%20Kazia%20from%20GALICON.%20We%20produce%20Vision%202030%20corporate%20conclaves%2C%20mega%20summits%20%26%20VIP%20staging%20across%20Riyadh%20%26%20Jeddah%20with%20Arabic%2FEnglish%20interpretation%20%26%20local%20ANB%20Bank%20invoicing.%20Can%20we%20share%20our%202026%20lookbook%3F","Saudi Vision 2030 Executive Conclave & Staging Partnership — Riyadh Air (New Flagship Carrier) (Riyadh / Jeddah)","Marhaba Riyadh Air (New Flagship Carrier) Team! 👋 I am Ismail Kazia from GALICON. We produce Vision 2030 corporate conclaves, mega summits & VIP staging across Riyadh & Jeddah with Arabic/English interpretation & local ANB Bank invoicing. Can we share our 2026 lookbook?"
"APX-0151","Waldorf Astoria Jeddah - Qasr Al Sharq","Luxury Hospitality (Jeddah)","Jeddah","Saudi Arabia","+966 12 659 9999","events.jeddah@waldorfastoria.com","98","Ready for Outreach","https://wa.me/966126599999?text=Marhaba%20Waldorf%20Astoria%20Jeddah%20-%20Qasr%20Al%20Sharq%20Team!%20%F0%9F%91%8B%20I%20am%20Ismail%20Kazia%20from%20GALICON.%20We%20produce%20Vision%202030%20corporate%20conclaves%2C%20mega%20summits%20%26%20VIP%20staging%20across%20Riyadh%20%26%20Jeddah%20with%20Arabic%2FEnglish%20interpretation%20%26%20local%20ANB%20Bank%20invoicing.%20Can%20we%20share%20our%202026%20lookbook%3F","Saudi Vision 2030 Executive Conclave & Staging Partnership — Waldorf Astoria Jeddah - Qasr Al Sharq (Riyadh / Jeddah)","Marhaba Waldorf Astoria Jeddah - Qasr Al Sharq Team! 👋 I am Ismail Kazia from GALICON. We produce Vision 2030 corporate conclaves, mega summits & VIP staging across Riyadh & Jeddah with Arabic/English interpretation & local ANB Bank invoicing. Can we share our 2026 lookbook?"
"APX-0152","Mouwasat Medical Services","Private Healthcare KSA","Dammam","Saudi Arabia","+966 13 820 0000","info@mouwasat.com","95","Ready for Outreach","https://wa.me/966138200000?text=Marhaba%20Mouwasat%20Medical%20Services%20Team!%20%F0%9F%91%8B%20I%20am%20Ismail%20Kazia%20from%20GALICON.%20We%20produce%20Vision%202030%20corporate%20conclaves%2C%20mega%20summits%20%26%20VIP%20staging%20across%20Riyadh%20%26%20Jeddah%20with%20Arabic%2FEnglish%20interpretation%20%26%20local%20ANB%20Bank%20invoicing.%20Can%20we%20share%20our%202026%20lookbook%3F","Saudi Vision 2030 Executive Conclave & Staging Partnership — Mouwasat Medical Services (Riyadh / Jeddah)","Marhaba Mouwasat Medical Services Team! 👋 I am Ismail Kazia from GALICON. We produce Vision 2030 corporate conclaves, mega summits & VIP staging across Riyadh & Jeddah with Arabic/English interpretation & local ANB Bank invoicing. Can we share our 2026 lookbook?"
"APX-0153","Hadeed (SABIC Steel)","Steel & Construction KSA","Al Jubail","Saudi Arabia","+966 13 357 1111","corporate@sabic.com","96","Ready for Outreach","https://wa.me/966133571111?text=Marhaba%20Hadeed%20(SABIC%20Steel)%20Team!%20%F0%9F%91%8B%20I%20am%20Ismail%20Kazia%20from%20GALICON.%20We%20produce%20Vision%202030%20corporate%20conclaves%2C%20mega%20summits%20%26%20VIP%20staging%20across%20Riyadh%20%26%20Jeddah%20with%20Arabic%2FEnglish%20interpretation%20%26%20local%20ANB%20Bank%20invoicing.%20Can%20we%20share%20our%202026%20lookbook%3F","Saudi Vision 2030 Executive Conclave & Staging Partnership — Hadeed (SABIC Steel) (Riyadh / Jeddah)","Marhaba Hadeed (SABIC Steel) Team! 👋 I am Ismail Kazia from GALICON. We produce Vision 2030 corporate conclaves, mega summits & VIP staging across Riyadh & Jeddah with Arabic/English interpretation & local ANB Bank invoicing. Can we share our 2026 lookbook?"
"APX-0154","Retal Urban Development","Commercial Real Estate KSA","Al Khobar","Saudi Arabia","+966 13 895 5555","info@retal.com.sa","96","Ready for Outreach","https://wa.me/966138955555?text=Marhaba%20Retal%20Urban%20Development%20Team!%20%F0%9F%91%8B%20I%20am%20Ismail%20Kazia%20from%20GALICON.%20We%20produce%20Vision%202030%20corporate%20conclaves%2C%20mega%20summits%20%26%20VIP%20staging%20across%20Riyadh%20%26%20Jeddah%20with%20Arabic%2FEnglish%20interpretation%20%26%20local%20ANB%20Bank%20invoicing.%20Can%20we%20share%20our%202026%20lookbook%3F","Saudi Vision 2030 Executive Conclave & Staging Partnership — Retal Urban Development (Riyadh / Jeddah)","Marhaba Retal Urban Development Team! 👋 I am Ismail Kazia from GALICON. We produce Vision 2030 corporate conclaves, mega summits & VIP staging across Riyadh & Jeddah with Arabic/English interpretation & local ANB Bank invoicing. Can we share our 2026 lookbook?"
"APX-0155","ACWA Power International","Energy & Desalination","Riyadh","Saudi Arabia","+966 11 283 5555","info@acwapower.com","98","Ready for Outreach","https://wa.me/966112835555?text=Marhaba%20ACWA%20Power%20International%20Team!%20%F0%9F%91%8B%20I%20am%20Ismail%20Kazia%20from%20GALICON.%20We%20produce%20Vision%202030%20corporate%20conclaves%2C%20mega%20summits%20%26%20VIP%20staging%20across%20Riyadh%20%26%20Jeddah%20with%20Arabic%2FEnglish%20interpretation%20%26%20local%20ANB%20Bank%20invoicing.%20Can%20we%20share%20our%202026%20lookbook%3F","Saudi Vision 2030 Executive Conclave & Staging Partnership — ACWA Power International (Riyadh / Jeddah)","Marhaba ACWA Power International Team! 👋 I am Ismail Kazia from GALICON. We produce Vision 2030 corporate conclaves, mega summits & VIP staging across Riyadh & Jeddah with Arabic/English interpretation & local ANB Bank invoicing. Can we share our 2026 lookbook?"
"APX-0156","Al Wallan Trading Co (Hyundai & Genesis KSA)","Automotive Dealership KSA","Riyadh","Saudi Arabia","+966 11 491 0000","info@wallan.com","94","Ready for Outreach","https://wa.me/966114910000?text=Marhaba%20Al%20Wallan%20Trading%20Co%20(Hyundai%20%26%20Genesis%20KSA)%20Team!%20%F0%9F%91%8B%20I%20am%20Ismail%20Kazia%20from%20GALICON.%20We%20produce%20Vision%202030%20corporate%20conclaves%2C%20mega%20summits%20%26%20VIP%20staging%20across%20Riyadh%20%26%20Jeddah%20with%20Arabic%2FEnglish%20interpretation%20%26%20local%20ANB%20Bank%20invoicing.%20Can%20we%20share%20our%202026%20lookbook%3F","Saudi Vision 2030 Executive Conclave & Staging Partnership — Al Wallan Trading Co (Hyundai & Genesis KSA) (Riyadh / Jeddah)","Marhaba Al Wallan Trading Co (Hyundai & Genesis KSA) Team! 👋 I am Ismail Kazia from GALICON. We produce Vision 2030 corporate conclaves, mega summits & VIP staging across Riyadh & Jeddah with Arabic/English interpretation & local ANB Bank invoicing. Can we share our 2026 lookbook?"
"APX-0157","eXtra (United Electronics Co.)","Electronics Retailer KSA","Al Khobar","Saudi Arabia","+966 13 858 8888","info@extra.com","93","Ready for Outreach","https://wa.me/966138588888?text=Marhaba%20eXtra%20(United%20Electronics%20Co.)%20Team!%20%F0%9F%91%8B%20I%20am%20Ismail%20Kazia%20from%20GALICON.%20We%20produce%20Vision%202030%20corporate%20conclaves%2C%20mega%20summits%20%26%20VIP%20staging%20across%20Riyadh%20%26%20Jeddah%20with%20Arabic%2FEnglish%20interpretation%20%26%20local%20ANB%20Bank%20invoicing.%20Can%20we%20share%20our%202026%20lookbook%3F","Saudi Vision 2030 Executive Conclave & Staging Partnership — eXtra (United Electronics Co.) (Riyadh / Jeddah)","Marhaba eXtra (United Electronics Co.) Team! 👋 I am Ismail Kazia from GALICON. We produce Vision 2030 corporate conclaves, mega summits & VIP staging across Riyadh & Jeddah with Arabic/English interpretation & local ANB Bank invoicing. Can we share our 2026 lookbook?"
"APX-0158","Urpay (Al Rajhi Digital Wallet)","Fintech KSA","Riyadh","Saudi Arabia","+966 11 828 2000","merchant@urpay.com.sa","97","Ready for Outreach","https://wa.me/966118282000?text=Marhaba%20Urpay%20(Al%20Rajhi%20Digital%20Wallet)%20Team!%20%F0%9F%91%8B%20I%20am%20Ismail%20Kazia%20from%20GALICON.%20We%20produce%20Vision%202030%20corporate%20conclaves%2C%20mega%20summits%20%26%20VIP%20staging%20across%20Riyadh%20%26%20Jeddah%20with%20Arabic%2FEnglish%20interpretation%20%26%20local%20ANB%20Bank%20invoicing.%20Can%20we%20share%20our%202026%20lookbook%3F","Saudi Vision 2030 Executive Conclave & Staging Partnership — Urpay (Al Rajhi Digital Wallet) (Riyadh / Jeddah)","Marhaba Urpay (Al Rajhi Digital Wallet) Team! 👋 I am Ismail Kazia from GALICON. We produce Vision 2030 corporate conclaves, mega summits & VIP staging across Riyadh & Jeddah with Arabic/English interpretation & local ANB Bank invoicing. Can we share our 2026 lookbook?"
"APX-0159","Jamjoom Pharma","Pharma & Medical Distribution","Jeddah","Saudi Arabia","+966 12 608 1111","info@jamjoompharma.com","95","Ready for Outreach","https://wa.me/966126081111?text=Marhaba%20Jamjoom%20Pharma%20Team!%20%F0%9F%91%8B%20I%20am%20Ismail%20Kazia%20from%20GALICON.%20We%20produce%20Vision%202030%20corporate%20conclaves%2C%20mega%20summits%20%26%20VIP%20staging%20across%20Riyadh%20%26%20Jeddah%20with%20Arabic%2FEnglish%20interpretation%20%26%20local%20ANB%20Bank%20invoicing.%20Can%20we%20share%20our%202026%20lookbook%3F","Saudi Vision 2030 Executive Conclave & Staging Partnership — Jamjoom Pharma (Riyadh / Jeddah)","Marhaba Jamjoom Pharma Team! 👋 I am Ismail Kazia from GALICON. We produce Vision 2030 corporate conclaves, mega summits & VIP staging across Riyadh & Jeddah with Arabic/English interpretation & local ANB Bank invoicing. Can we share our 2026 lookbook?"
"APX-0160","Savola Group Corporate HQ","FMCG Food Producer","Jeddah","Saudi Arabia","+966 12 268 7777","info@savola.com","97","Ready for Outreach","https://wa.me/966122687777?text=Marhaba%20Savola%20Group%20Corporate%20HQ%20Team!%20%F0%9F%91%8B%20I%20am%20Ismail%20Kazia%20from%20GALICON.%20We%20produce%20Vision%202030%20corporate%20conclaves%2C%20mega%20summits%20%26%20VIP%20staging%20across%20Riyadh%20%26%20Jeddah%20with%20Arabic%2FEnglish%20interpretation%20%26%20local%20ANB%20Bank%20invoicing.%20Can%20we%20share%20our%202026%20lookbook%3F","Saudi Vision 2030 Executive Conclave & Staging Partnership — Savola Group Corporate HQ (Riyadh / Jeddah)","Marhaba Savola Group Corporate HQ Team! 👋 I am Ismail Kazia from GALICON. We produce Vision 2030 corporate conclaves, mega summits & VIP staging across Riyadh & Jeddah with Arabic/English interpretation & local ANB Bank invoicing. Can we share our 2026 lookbook?"
"APX-0161","Binghatti Properties Dubai","Luxury Real Estate Developer","Dubai","UAE","+971 4 450 8888","sales@binghatti.com","98","Ready for Outreach","https://wa.me/97144508888?text=Hi%20Binghatti%20Properties%20Dubai%20Team!%20%F0%9F%91%8B%20We%20help%20luxury%20brands%20%26%20real%20estate%20developers%20in%20Dubai%20acquire%20high-net-worth%20buyers%20through%20hyper-targeted%20performance%20funnels%20(verified%204.8x%20ROAS).%20Are%20you%20looking%20to%20scale%20buyer%20acquisition%20this%20month%3F","High-Net-Worth Buyer Acquisition Funnel for Binghatti Properties Dubai (Dubai)","Hi Binghatti Properties Dubai Team! 👋 We help luxury brands & real estate developers in Dubai acquire high-net-worth buyers through hyper-targeted performance funnels (verified 4.8x ROAS). Are you looking to scale buyer acquisition this month?"
"APX-0162","Azizi Developments Dubai","Luxury Real Estate Developer","Dubai","UAE","+971 4 359 6666","info@azizidevelopments.com","97","Ready for Outreach","https://wa.me/97143596666?text=Hi%20Azizi%20Developments%20Dubai%20Team!%20%F0%9F%91%8B%20We%20help%20luxury%20brands%20%26%20real%20estate%20developers%20in%20Dubai%20acquire%20high-net-worth%20buyers%20through%20hyper-targeted%20performance%20funnels%20(verified%204.8x%20ROAS).%20Are%20you%20looking%20to%20scale%20buyer%20acquisition%20this%20month%3F","High-Net-Worth Buyer Acquisition Funnel for Azizi Developments Dubai (Dubai)","Hi Azizi Developments Dubai Team! 👋 We help luxury brands & real estate developers in Dubai acquire high-net-worth buyers through hyper-targeted performance funnels (verified 4.8x ROAS). Are you looking to scale buyer acquisition this month?"
"APX-0163","Danube Properties Dubai","Luxury Real Estate Developer","Dubai","UAE","+971 4 399 8333","sales@danubeproperties.ae","96","Ready for Outreach","https://wa.me/97143998333?text=Hi%20Danube%20Properties%20Dubai%20Team!%20%F0%9F%91%8B%20We%20help%20luxury%20brands%20%26%20real%20estate%20developers%20in%20Dubai%20acquire%20high-net-worth%20buyers%20through%20hyper-targeted%20performance%20funnels%20(verified%204.8x%20ROAS).%20Are%20you%20looking%20to%20scale%20buyer%20acquisition%20this%20month%3F","High-Net-Worth Buyer Acquisition Funnel for Danube Properties Dubai (Dubai)","Hi Danube Properties Dubai Team! 👋 We help luxury brands & real estate developers in Dubai acquire high-net-worth buyers through hyper-targeted performance funnels (verified 4.8x ROAS). Are you looking to scale buyer acquisition this month?"
"APX-0164","MAG Lifestyle Development","Luxury Real Estate Developer","Dubai","UAE","+971 4 355 5553","info@mag.ae","96","Ready for Outreach","https://wa.me/97143555553?text=Hi%20MAG%20Lifestyle%20Development%20Team!%20%F0%9F%91%8B%20We%20help%20luxury%20brands%20%26%20real%20estate%20developers%20in%20Dubai%20acquire%20high-net-worth%20buyers%20through%20hyper-targeted%20performance%20funnels%20(verified%204.8x%20ROAS).%20Are%20you%20looking%20to%20scale%20buyer%20acquisition%20this%20month%3F","High-Net-Worth Buyer Acquisition Funnel for MAG Lifestyle Development (Dubai)","Hi MAG Lifestyle Development Team! 👋 We help luxury brands & real estate developers in Dubai acquire high-net-worth buyers through hyper-targeted performance funnels (verified 4.8x ROAS). Are you looking to scale buyer acquisition this month?"
"APX-0165","Tiger Properties Dubai","Luxury Real Estate Developer","Dubai","UAE","+971 4 428 7111","info@tigerproperties.ae","95","Ready for Outreach","https://wa.me/97144287111?text=Hi%20Tiger%20Properties%20Dubai%20Team!%20%F0%9F%91%8B%20We%20help%20luxury%20brands%20%26%20real%20estate%20developers%20in%20Dubai%20acquire%20high-net-worth%20buyers%20through%20hyper-targeted%20performance%20funnels%20(verified%204.8x%20ROAS).%20Are%20you%20looking%20to%20scale%20buyer%20acquisition%20this%20month%3F","High-Net-Worth Buyer Acquisition Funnel for Tiger Properties Dubai (Dubai)","Hi Tiger Properties Dubai Team! 👋 We help luxury brands & real estate developers in Dubai acquire high-net-worth buyers through hyper-targeted performance funnels (verified 4.8x ROAS). Are you looking to scale buyer acquisition this month?"
"APX-0166","Lucia Clinic Dubai","Aesthetic Clinic Dubai","Dubai","UAE","+971 4 385 4525","info@luciaclinic.com","96","Ready for Outreach","https://wa.me/97143854525?text=Hi%20Lucia%20Clinic%20Dubai%20Team!%20%F0%9F%91%8B%20We%20help%20luxury%20brands%20%26%20real%20estate%20developers%20in%20Dubai%20acquire%20high-net-worth%20buyers%20through%20hyper-targeted%20performance%20funnels%20(verified%204.8x%20ROAS).%20Are%20you%20looking%20to%20scale%20buyer%20acquisition%20this%20month%3F","High-Net-Worth Buyer Acquisition Funnel for Lucia Clinic Dubai (Dubai)","Hi Lucia Clinic Dubai Team! 👋 We help luxury brands & real estate developers in Dubai acquire high-net-worth buyers through hyper-targeted performance funnels (verified 4.8x ROAS). Are you looking to scale buyer acquisition this month?"
"APX-0167","Beverly Hills Sunset Surgery Center Dubai","Aesthetic Clinic Dubai","Dubai","UAE","+971 4 363 5400","info@beverlyhillssunset.ae","95","Ready for Outreach","https://wa.me/97143635400?text=Hi%20Beverly%20Hills%20Sunset%20Surgery%20Center%20Dubai%20Team!%20%F0%9F%91%8B%20We%20help%20luxury%20brands%20%26%20real%20estate%20developers%20in%20Dubai%20acquire%20high-net-worth%20buyers%20through%20hyper-targeted%20performance%20funnels%20(verified%204.8x%20ROAS).%20Are%20you%20looking%20to%20scale%20buyer%20acquisition%20this%20month%3F","High-Net-Worth Buyer Acquisition Funnel for Beverly Hills Sunset Surgery Center Dubai (Dubai)","Hi Beverly Hills Sunset Surgery Center Dubai Team! 👋 We help luxury brands & real estate developers in Dubai acquire high-net-worth buyers through hyper-targeted performance funnels (verified 4.8x ROAS). Are you looking to scale buyer acquisition this month?"
"APX-0168","VIP Motors Dubai","Luxury Supercar Showroom","Dubai","UAE","+971 4 323 2999","info@vipmotors.ae","97","Ready for Outreach","https://wa.me/97143232999?text=Hi%20VIP%20Motors%20Dubai%20Team!%20%F0%9F%91%8B%20We%20help%20luxury%20brands%20%26%20real%20estate%20developers%20in%20Dubai%20acquire%20high-net-worth%20buyers%20through%20hyper-targeted%20performance%20funnels%20(verified%204.8x%20ROAS).%20Are%20you%20looking%20to%20scale%20buyer%20acquisition%20this%20month%3F","High-Net-Worth Buyer Acquisition Funnel for VIP Motors Dubai (Dubai)","Hi VIP Motors Dubai Team! 👋 We help luxury brands & real estate developers in Dubai acquire high-net-worth buyers through hyper-targeted performance funnels (verified 4.8x ROAS). Are you looking to scale buyer acquisition this month?"
"APX-0169","Xclusive Yachts Dubai Marina","Luxury Yacht Charters","Dubai","UAE","+971 4 457 3185","book@xclusiveyachts.com","95","Ready for Outreach","https://wa.me/97144573185?text=Hi%20Xclusive%20Yachts%20Dubai%20Marina%20Team!%20%F0%9F%91%8B%20We%20help%20luxury%20brands%20%26%20real%20estate%20developers%20in%20Dubai%20acquire%20high-net-worth%20buyers%20through%20hyper-targeted%20performance%20funnels%20(verified%204.8x%20ROAS).%20Are%20you%20looking%20to%20scale%20buyer%20acquisition%20this%20month%3F","High-Net-Worth Buyer Acquisition Funnel for Xclusive Yachts Dubai Marina (Dubai)","Hi Xclusive Yachts Dubai Marina Team! 👋 We help luxury brands & real estate developers in Dubai acquire high-net-worth buyers through hyper-targeted performance funnels (verified 4.8x ROAS). Are you looking to scale buyer acquisition this month?"
"APX-0170","SHUAA Capital PJSC","Private Wealth & Asset Management","Dubai","UAE","+971 4 330 3600","contact@shuaa.com","97","Ready for Outreach","https://wa.me/97143303600?text=Hi%20SHUAA%20Capital%20PJSC%20Team!%20%F0%9F%91%8B%20We%20help%20luxury%20brands%20%26%20real%20estate%20developers%20in%20Dubai%20acquire%20high-net-worth%20buyers%20through%20hyper-targeted%20performance%20funnels%20(verified%204.8x%20ROAS).%20Are%20you%20looking%20to%20scale%20buyer%20acquisition%20this%20month%3F","High-Net-Worth Buyer Acquisition Funnel for SHUAA Capital PJSC (Dubai)","Hi SHUAA Capital PJSC Team! 👋 We help luxury brands & real estate developers in Dubai acquire high-net-worth buyers through hyper-targeted performance funnels (verified 4.8x ROAS). Are you looking to scale buyer acquisition this month?"
"APX-0171","ITC Windsor, a Luxury Collection Hotel","Luxury Hotel & Convention Partner","Bangalore","India","+91 80 2226 9898","events.itcwindsor@itchotels.in","99","Ready for Outreach","https://wa.me/918022269898?text=Hi%20ITC%20Windsor%2C%20a%20Luxury%20Collection%20Hotel%20Leadership!%20%F0%9F%91%8B%20I%20am%20Ismail%20Kazia%2C%20Founder%20of%20GALICON.%20We%20deliver%20turnkey%20corporate%20event%20production%20across%20Bangalore%20(The%20Leela%20Palace%2C%20ITC%20Gardenia%2C%20BIEC)%20with%20curved%204K%20LED%20staging%2C%20concert%20sound%20%26%20VIP%20protocol.%20Planning%20any%20tech%20summit%20or%20team%20conclave%20this%20quarter%3F%20Let's%20connect!","Exclusive Corporate Summit & Staging Production for ITC Windsor, a Luxury Collection Hotel (Bangalore)","Hi ITC Windsor, a Luxury Collection Hotel Leadership! 👋 I am Ismail Kazia, Founder of GALICON. We deliver turnkey corporate event production across Bangalore (The Leela Palace, ITC Gardenia, BIEC) with curved 4K LED staging, concert sound & VIP protocol. Planning any tech summit or team conclave this quarter? Let's connect!"
"APX-0172","Conrad Bengaluru (Hilton Luxury)","Luxury Hotel & Convention Partner","Bangalore","India","+91 80 2214 4444","events.conradbengaluru@hilton.com","99","Ready for Outreach","https://wa.me/918022144444?text=Hi%20Conrad%20Bengaluru%20(Hilton%20Luxury)%20Leadership!%20%F0%9F%91%8B%20I%20am%20Ismail%20Kazia%2C%20Founder%20of%20GALICON.%20We%20deliver%20turnkey%20corporate%20event%20production%20across%20Bangalore%20(The%20Leela%20Palace%2C%20ITC%20Gardenia%2C%20BIEC)%20with%20curved%204K%20LED%20staging%2C%20concert%20sound%20%26%20VIP%20protocol.%20Planning%20any%20tech%20summit%20or%20team%20conclave%20this%20quarter%3F%20Let's%20connect!","Exclusive Corporate Summit & Staging Production for Conrad Bengaluru (Hilton Luxury) (Bangalore)","Hi Conrad Bengaluru (Hilton Luxury) Leadership! 👋 I am Ismail Kazia, Founder of GALICON. We deliver turnkey corporate event production across Bangalore (The Leela Palace, ITC Gardenia, BIEC) with curved 4K LED staging, concert sound & VIP protocol. Planning any tech summit or team conclave this quarter? Let's connect!"
"APX-0173","Sheraton Grand Bangalore Hotel at Brigade Gateway","Luxury Hotel & Convention Partner","Bangalore","India","+91 80 4252 1000","events.sheratonbangalore@marriott.com","98","Ready for Outreach","https://wa.me/918042521000?text=Hi%20Sheraton%20Grand%20Bangalore%20Hotel%20at%20Brigade%20Gateway%20Leadership!%20%F0%9F%91%8B%20I%20am%20Ismail%20Kazia%2C%20Founder%20of%20GALICON.%20We%20deliver%20turnkey%20corporate%20event%20production%20across%20Bangalore%20(The%20Leela%20Palace%2C%20ITC%20Gardenia%2C%20BIEC)%20with%20curved%204K%20LED%20staging%2C%20concert%20sound%20%26%20VIP%20protocol.%20Planning%20any%20tech%20summit%20or%20team%20conclave%20this%20quarter%3F%20Let's%20connect!","Exclusive Corporate Summit & Staging Production for Sheraton Grand Bangalore Hotel at Brigade Gateway (Bangalore)","Hi Sheraton Grand Bangalore Hotel at Brigade Gateway Leadership! 👋 I am Ismail Kazia, Founder of GALICON. We deliver turnkey corporate event production across Bangalore (The Leela Palace, ITC Gardenia, BIEC) with curved 4K LED staging, concert sound & VIP protocol. Planning any tech summit or team conclave this quarter? Let's connect!"
"APX-0174","Shangri-La Bengaluru","Luxury Hotel & Convention Partner","Bangalore","India","+91 80 4512 8888","events.slbl@shangri-la.com","98","Ready for Outreach","https://wa.me/918045128888?text=Hi%20Shangri-La%20Bengaluru%20Leadership!%20%F0%9F%91%8B%20I%20am%20Ismail%20Kazia%2C%20Founder%20of%20GALICON.%20We%20deliver%20turnkey%20corporate%20event%20production%20across%20Bangalore%20(The%20Leela%20Palace%2C%20ITC%20Gardenia%2C%20BIEC)%20with%20curved%204K%20LED%20staging%2C%20concert%20sound%20%26%20VIP%20protocol.%20Planning%20any%20tech%20summit%20or%20team%20conclave%20this%20quarter%3F%20Let's%20connect!","Exclusive Corporate Summit & Staging Production for Shangri-La Bengaluru (Bangalore)","Hi Shangri-La Bengaluru Leadership! 👋 I am Ismail Kazia, Founder of GALICON. We deliver turnkey corporate event production across Bangalore (The Leela Palace, ITC Gardenia, BIEC) with curved 4K LED staging, concert sound & VIP protocol. Planning any tech summit or team conclave this quarter? Let's connect!"
"APX-0175","The Ritz-Carlton Bangalore","Luxury Hotel & Convention Partner","Bangalore","India","+91 80 4914 8000","events.rcbangalore@ritzcarlton.com","99","Ready for Outreach","https://wa.me/918049148000?text=Hi%20The%20Ritz-Carlton%20Bangalore%20Leadership!%20%F0%9F%91%8B%20I%20am%20Ismail%20Kazia%2C%20Founder%20of%20GALICON.%20We%20deliver%20turnkey%20corporate%20event%20production%20across%20Bangalore%20(The%20Leela%20Palace%2C%20ITC%20Gardenia%2C%20BIEC)%20with%20curved%204K%20LED%20staging%2C%20concert%20sound%20%26%20VIP%20protocol.%20Planning%20any%20tech%20summit%20or%20team%20conclave%20this%20quarter%3F%20Let's%20connect!","Exclusive Corporate Summit & Staging Production for The Ritz-Carlton Bangalore (Bangalore)","Hi The Ritz-Carlton Bangalore Leadership! 👋 I am Ismail Kazia, Founder of GALICON. We deliver turnkey corporate event production across Bangalore (The Leela Palace, ITC Gardenia, BIEC) with curved 4K LED staging, concert sound & VIP protocol. Planning any tech summit or team conclave this quarter? Let's connect!"
"APX-0176","Snowflake India Services Bangalore","AI & Data Cloud Giant","Bangalore","India","+91 80 6902 4000","events.india@snowflake.com","97","Ready for Outreach","https://wa.me/918069024000?text=Hi%20Snowflake%20India%20Services%20Bangalore%20Leadership!%20%F0%9F%91%8B%20I%20am%20Ismail%20Kazia%2C%20Founder%20of%20GALICON.%20We%20deliver%20turnkey%20corporate%20event%20production%20across%20Bangalore%20(The%20Leela%20Palace%2C%20ITC%20Gardenia%2C%20BIEC)%20with%20curved%204K%20LED%20staging%2C%20concert%20sound%20%26%20VIP%20protocol.%20Planning%20any%20tech%20summit%20or%20team%20conclave%20this%20quarter%3F%20Let's%20connect!","Exclusive Corporate Summit & Staging Production for Snowflake India Services Bangalore (Bangalore)","Hi Snowflake India Services Bangalore Leadership! 👋 I am Ismail Kazia, Founder of GALICON. We deliver turnkey corporate event production across Bangalore (The Leela Palace, ITC Gardenia, BIEC) with curved 4K LED staging, concert sound & VIP protocol. Planning any tech summit or team conclave this quarter? Let's connect!"
"APX-0177","Salesforce India Bangalore Hub","Cloud CRM & Enterprise","Bangalore","India","+91 80 6712 5000","india_events@salesforce.com","98","Ready for Outreach","https://wa.me/918067125000?text=Hi%20Salesforce%20India%20Bangalore%20Hub%20Leadership!%20%F0%9F%91%8B%20I%20am%20Ismail%20Kazia%2C%20Founder%20of%20GALICON.%20We%20deliver%20turnkey%20corporate%20event%20production%20across%20Bangalore%20(The%20Leela%20Palace%2C%20ITC%20Gardenia%2C%20BIEC)%20with%20curved%204K%20LED%20staging%2C%20concert%20sound%20%26%20VIP%20protocol.%20Planning%20any%20tech%20summit%20or%20team%20conclave%20this%20quarter%3F%20Let's%20connect!","Exclusive Corporate Summit & Staging Production for Salesforce India Bangalore Hub (Bangalore)","Hi Salesforce India Bangalore Hub Leadership! 👋 I am Ismail Kazia, Founder of GALICON. We deliver turnkey corporate event production across Bangalore (The Leela Palace, ITC Gardenia, BIEC) with curved 4K LED staging, concert sound & VIP protocol. Planning any tech summit or team conclave this quarter? Let's connect!"
"APX-0178","NVIDIA India Graphics Pvt Ltd","Semiconductor Giant","Bangalore","India","+91 80 4333 4000","events_india@nvidia.com","99","Ready for Outreach","https://wa.me/918043334000?text=Hi%20NVIDIA%20India%20Graphics%20Pvt%20Ltd%20Leadership!%20%F0%9F%91%8B%20I%20am%20Ismail%20Kazia%2C%20Founder%20of%20GALICON.%20We%20deliver%20turnkey%20corporate%20event%20production%20across%20Bangalore%20(The%20Leela%20Palace%2C%20ITC%20Gardenia%2C%20BIEC)%20with%20curved%204K%20LED%20staging%2C%20concert%20sound%20%26%20VIP%20protocol.%20Planning%20any%20tech%20summit%20or%20team%20conclave%20this%20quarter%3F%20Let's%20connect!","Exclusive Corporate Summit & Staging Production for NVIDIA India Graphics Pvt Ltd (Bangalore)","Hi NVIDIA India Graphics Pvt Ltd Leadership! 👋 I am Ismail Kazia, Founder of GALICON. We deliver turnkey corporate event production across Bangalore (The Leela Palace, ITC Gardenia, BIEC) with curved 4K LED staging, concert sound & VIP protocol. Planning any tech summit or team conclave this quarter? Let's connect!"
"APX-0179","Qualcomm India Bangalore Campus","Semiconductor Giant","Bangalore","India","+91 80 4600 5000","events.blr@qualcomm.com","98","Ready for Outreach","https://wa.me/918046005000?text=Hi%20Qualcomm%20India%20Bangalore%20Campus%20Leadership!%20%F0%9F%91%8B%20I%20am%20Ismail%20Kazia%2C%20Founder%20of%20GALICON.%20We%20deliver%20turnkey%20corporate%20event%20production%20across%20Bangalore%20(The%20Leela%20Palace%2C%20ITC%20Gardenia%2C%20BIEC)%20with%20curved%204K%20LED%20staging%2C%20concert%20sound%20%26%20VIP%20protocol.%20Planning%20any%20tech%20summit%20or%20team%20conclave%20this%20quarter%3F%20Let's%20connect!","Exclusive Corporate Summit & Staging Production for Qualcomm India Bangalore Campus (Bangalore)","Hi Qualcomm India Bangalore Campus Leadership! 👋 I am Ismail Kazia, Founder of GALICON. We deliver turnkey corporate event production across Bangalore (The Leela Palace, ITC Gardenia, BIEC) with curved 4K LED staging, concert sound & VIP protocol. Planning any tech summit or team conclave this quarter? Let's connect!"
"APX-0180","Groww (Nextbillion Technology)","Fintech Unicorn","Bangalore","India","+91 80 4719 2000","partnerships@groww.in","96","Ready for Outreach","https://wa.me/918047192000?text=Hi%20Groww%20(Nextbillion%20Technology)%20Leadership!%20%F0%9F%91%8B%20I%20am%20Ismail%20Kazia%2C%20Founder%20of%20GALICON.%20We%20deliver%20turnkey%20corporate%20event%20production%20across%20Bangalore%20(The%20Leela%20Palace%2C%20ITC%20Gardenia%2C%20BIEC)%20with%20curved%204K%20LED%20staging%2C%20concert%20sound%20%26%20VIP%20protocol.%20Planning%20any%20tech%20summit%20or%20team%20conclave%20this%20quarter%3F%20Let's%20connect!","Exclusive Corporate Summit & Staging Production for Groww (Nextbillion Technology) (Bangalore)","Hi Groww (Nextbillion Technology) Leadership! 👋 I am Ismail Kazia, Founder of GALICON. We deliver turnkey corporate event production across Bangalore (The Leela Palace, ITC Gardenia, BIEC) with curved 4K LED staging, concert sound & VIP protocol. Planning any tech summit or team conclave this quarter? Let's connect!"
"APX-0181","CRED (Dreamplug Technologies)","Fintech Unicorn","Bangalore","India","+91 80 4567 8900","brand@cred.club","97","Ready for Outreach","https://wa.me/918045678900?text=Hi%20CRED%20(Dreamplug%20Technologies)%20Leadership!%20%F0%9F%91%8B%20I%20am%20Ismail%20Kazia%2C%20Founder%20of%20GALICON.%20We%20deliver%20turnkey%20corporate%20event%20production%20across%20Bangalore%20(The%20Leela%20Palace%2C%20ITC%20Gardenia%2C%20BIEC)%20with%20curved%204K%20LED%20staging%2C%20concert%20sound%20%26%20VIP%20protocol.%20Planning%20any%20tech%20summit%20or%20team%20conclave%20this%20quarter%3F%20Let's%20connect!","Exclusive Corporate Summit & Staging Production for CRED (Dreamplug Technologies) (Bangalore)","Hi CRED (Dreamplug Technologies) Leadership! 👋 I am Ismail Kazia, Founder of GALICON. We deliver turnkey corporate event production across Bangalore (The Leela Palace, ITC Gardenia, BIEC) with curved 4K LED staging, concert sound & VIP protocol. Planning any tech summit or team conclave this quarter? Let's connect!"
"APX-0182","Zepto (KiranaKart Technologies)","Quick Commerce Unicorn","Bangalore","India","+91 80 4688 1200","events@zepto.in","95","Ready for Outreach","https://wa.me/918046881200?text=Hi%20Zepto%20(KiranaKart%20Technologies)%20Leadership!%20%F0%9F%91%8B%20I%20am%20Ismail%20Kazia%2C%20Founder%20of%20GALICON.%20We%20deliver%20turnkey%20corporate%20event%20production%20across%20Bangalore%20(The%20Leela%20Palace%2C%20ITC%20Gardenia%2C%20BIEC)%20with%20curved%204K%20LED%20staging%2C%20concert%20sound%20%26%20VIP%20protocol.%20Planning%20any%20tech%20summit%20or%20team%20conclave%20this%20quarter%3F%20Let's%20connect!","Exclusive Corporate Summit & Staging Production for Zepto (KiranaKart Technologies) (Bangalore)","Hi Zepto (KiranaKart Technologies) Leadership! 👋 I am Ismail Kazia, Founder of GALICON. We deliver turnkey corporate event production across Bangalore (The Leela Palace, ITC Gardenia, BIEC) with curved 4K LED staging, concert sound & VIP protocol. Planning any tech summit or team conclave this quarter? Let's connect!"
"APX-0183","Licious (Delightful Gourmet Pvt Ltd)","E-commerce & D2C","Bangalore","India","+91 80 4683 9000","brand@licious.in","93","Ready for Outreach","https://wa.me/918046839000?text=Hi%20Licious%20(Delightful%20Gourmet%20Pvt%20Ltd)%20Leadership!%20%F0%9F%91%8B%20I%20am%20Ismail%20Kazia%2C%20Founder%20of%20GALICON.%20We%20deliver%20turnkey%20corporate%20event%20production%20across%20Bangalore%20(The%20Leela%20Palace%2C%20ITC%20Gardenia%2C%20BIEC)%20with%20curved%204K%20LED%20staging%2C%20concert%20sound%20%26%20VIP%20protocol.%20Planning%20any%20tech%20summit%20or%20team%20conclave%20this%20quarter%3F%20Let's%20connect!","Exclusive Corporate Summit & Staging Production for Licious (Delightful Gourmet Pvt Ltd) (Bangalore)","Hi Licious (Delightful Gourmet Pvt Ltd) Leadership! 👋 I am Ismail Kazia, Founder of GALICON. We deliver turnkey corporate event production across Bangalore (The Leela Palace, ITC Gardenia, BIEC) with curved 4K LED staging, concert sound & VIP protocol. Planning any tech summit or team conclave this quarter? Let's connect!"
"APX-0184","WeWork India Management Bangalore","Enterprise Coworking","Bangalore","India","+91 80 6813 6000","events.india@wework.co.in","95","Ready for Outreach","https://wa.me/918068136000?text=Hi%20WeWork%20India%20Management%20Bangalore%20Leadership!%20%F0%9F%91%8B%20I%20am%20Ismail%20Kazia%2C%20Founder%20of%20GALICON.%20We%20deliver%20turnkey%20corporate%20event%20production%20across%20Bangalore%20(The%20Leela%20Palace%2C%20ITC%20Gardenia%2C%20BIEC)%20with%20curved%204K%20LED%20staging%2C%20concert%20sound%20%26%20VIP%20protocol.%20Planning%20any%20tech%20summit%20or%20team%20conclave%20this%20quarter%3F%20Let's%20connect!","Exclusive Corporate Summit & Staging Production for WeWork India Management Bangalore (Bangalore)","Hi WeWork India Management Bangalore Leadership! 👋 I am Ismail Kazia, Founder of GALICON. We deliver turnkey corporate event production across Bangalore (The Leela Palace, ITC Gardenia, BIEC) with curved 4K LED staging, concert sound & VIP protocol. Planning any tech summit or team conclave this quarter? Let's connect!"
"APX-0185","Mercedes-Benz R&D India (MBRDI)","Automotive R&D","Bangalore","India","+91 80 6768 6000","corporate.comm@mercedes-benz.com","98","Ready for Outreach","https://wa.me/918067686000?text=Hi%20Mercedes-Benz%20R%26D%20India%20(MBRDI)%20Leadership!%20%F0%9F%91%8B%20I%20am%20Ismail%20Kazia%2C%20Founder%20of%20GALICON.%20We%20deliver%20turnkey%20corporate%20event%20production%20across%20Bangalore%20(The%20Leela%20Palace%2C%20ITC%20Gardenia%2C%20BIEC)%20with%20curved%204K%20LED%20staging%2C%20concert%20sound%20%26%20VIP%20protocol.%20Planning%20any%20tech%20summit%20or%20team%20conclave%20this%20quarter%3F%20Let's%20connect!","Exclusive Corporate Summit & Staging Production for Mercedes-Benz R&D India (MBRDI) (Bangalore)","Hi Mercedes-Benz R&D India (MBRDI) Leadership! 👋 I am Ismail Kazia, Founder of GALICON. We deliver turnkey corporate event production across Bangalore (The Leela Palace, ITC Gardenia, BIEC) with curved 4K LED staging, concert sound & VIP protocol. Planning any tech summit or team conclave this quarter? Let's connect!"
"APX-0186","ICICI Bank Towers","Private Bank Giant","Mumbai","India","+91 22 2653 1414","corporate.comm@icicibank.com","98","Ready for Outreach","https://wa.me/912226531414?text=Hi%20ICICI%20Bank%20Towers%20Marketing%20Team!%20%F0%9F%91%8B%20We%20help%20high-growth%20companies%20in%20Mumbai%20scale%20revenue%20with%20high-speed%20web%20apps%2C%20AI%20automation%20bots%20%26%20performance%20marketing.%20Are%20you%20planning%20any%20major%20scaling%20pushes%20this%20quarter%3F","Growth Engineering & AI Performance Funnels for ICICI Bank Towers","Hi ICICI Bank Towers Marketing Team! 👋 We help high-growth companies in Mumbai scale revenue with high-speed web apps, AI automation bots & performance marketing. Are you planning any major scaling pushes this quarter?"
"APX-0187","Reliance Jio Infocomm Ltd","Conglomerate & Telecom","Mumbai","India","+91 22 4477 0000","corporate@jio.com","99","Ready for Outreach","https://wa.me/912244770000?text=Hi%20Reliance%20Jio%20Infocomm%20Ltd%20Marketing%20Team!%20%F0%9F%91%8B%20We%20help%20high-growth%20companies%20in%20Mumbai%20scale%20revenue%20with%20high-speed%20web%20apps%2C%20AI%20automation%20bots%20%26%20performance%20marketing.%20Are%20you%20planning%20any%20major%20scaling%20pushes%20this%20quarter%3F","Growth Engineering & AI Performance Funnels for Reliance Jio Infocomm Ltd","Hi Reliance Jio Infocomm Ltd Marketing Team! 👋 We help high-growth companies in Mumbai scale revenue with high-speed web apps, AI automation bots & performance marketing. Are you planning any major scaling pushes this quarter?"
"APX-0188","Adani Group Corporate Affairs","Commercial Conglomerate","Mumbai","India","+91 79 2656 5555","corporate@adani.com","98","Ready for Outreach","https://wa.me/917926565555?text=Hi%20Adani%20Group%20Corporate%20Affairs%20Marketing%20Team!%20%F0%9F%91%8B%20We%20help%20high-growth%20companies%20in%20Mumbai%20scale%20revenue%20with%20high-speed%20web%20apps%2C%20AI%20automation%20bots%20%26%20performance%20marketing.%20Are%20you%20planning%20any%20major%20scaling%20pushes%20this%20quarter%3F","Growth Engineering & AI Performance Funnels for Adani Group Corporate Affairs","Hi Adani Group Corporate Affairs Marketing Team! 👋 We help high-growth companies in Mumbai scale revenue with high-speed web apps, AI automation bots & performance marketing. Are you planning any major scaling pushes this quarter?"
"APX-0189","Sun Pharmaceutical Industries Ltd","Pharma & Biotech Leader","Mumbai","India","+91 22 4324 4324","corporate@sunpharma.com","96","Ready for Outreach","https://wa.me/912243244324?text=Hi%20Sun%20Pharmaceutical%20Industries%20Ltd%20Marketing%20Team!%20%F0%9F%91%8B%20We%20help%20high-growth%20companies%20in%20Mumbai%20scale%20revenue%20with%20high-speed%20web%20apps%2C%20AI%20automation%20bots%20%26%20performance%20marketing.%20Are%20you%20planning%20any%20major%20scaling%20pushes%20this%20quarter%3F","Growth Engineering & AI Performance Funnels for Sun Pharmaceutical Industries Ltd","Hi Sun Pharmaceutical Industries Ltd Marketing Team! 👋 We help high-growth companies in Mumbai scale revenue with high-speed web apps, AI automation bots & performance marketing. Are you planning any major scaling pushes this quarter?"
"APX-0190","Dr. Reddys Laboratories Ltd","Pharma Giant (Hyderabad)","Hyderabad","India","+91 40 4900 2900","corporate@drreddys.com","97","Ready for Outreach","https://wa.me/914049002900?text=Hi%20Dr.%20Reddys%20Laboratories%20Ltd%20Marketing%20Team!%20%F0%9F%91%8B%20We%20help%20high-growth%20companies%20in%20Hyderabad%20scale%20revenue%20with%20high-speed%20web%20apps%2C%20AI%20automation%20bots%20%26%20performance%20marketing.%20Are%20you%20planning%20any%20major%20scaling%20pushes%20this%20quarter%3F","Growth Engineering & AI Performance Funnels for Dr. Reddys Laboratories Ltd","Hi Dr. Reddys Laboratories Ltd Marketing Team! 👋 We help high-growth companies in Hyderabad scale revenue with high-speed web apps, AI automation bots & performance marketing. Are you planning any major scaling pushes this quarter?"
"APX-0191","Microsoft India (R&D) Hyderabad Campus","Tech Enterprise (Hyderabad)","Hyderabad","India","+91 40 6694 0000","indiaevents@microsoft.com","99","Ready for Outreach","https://wa.me/914066940000?text=Hi%20Microsoft%20India%20(R%26D)%20Hyderabad%20Campus%20Marketing%20Team!%20%F0%9F%91%8B%20We%20help%20high-growth%20companies%20in%20Hyderabad%20scale%20revenue%20with%20high-speed%20web%20apps%2C%20AI%20automation%20bots%20%26%20performance%20marketing.%20Are%20you%20planning%20any%20major%20scaling%20pushes%20this%20quarter%3F","Growth Engineering & AI Performance Funnels for Microsoft India (R&D) Hyderabad Campus","Hi Microsoft India (R&D) Hyderabad Campus Marketing Team! 👋 We help high-growth companies in Hyderabad scale revenue with high-speed web apps, AI automation bots & performance marketing. Are you planning any major scaling pushes this quarter?"
"APX-0192","Taj Falaknuma Palace Hyderabad","Luxury Hotel & Convention Partner","Hyderabad","India","+91 40 6629 8585","falaknuma.hyderabad@tajhotels.com","99","Ready for Outreach","https://wa.me/914066298585?text=Hi%20Taj%20Falaknuma%20Palace%20Hyderabad%20Marketing%20Team!%20%F0%9F%91%8B%20We%20help%20high-growth%20companies%20in%20Hyderabad%20scale%20revenue%20with%20high-speed%20web%20apps%2C%20AI%20automation%20bots%20%26%20performance%20marketing.%20Are%20you%20planning%20any%20major%20scaling%20pushes%20this%20quarter%3F","Growth Engineering & AI Performance Funnels for Taj Falaknuma Palace Hyderabad","Hi Taj Falaknuma Palace Hyderabad Marketing Team! 👋 We help high-growth companies in Hyderabad scale revenue with high-speed web apps, AI automation bots & performance marketing. Are you planning any major scaling pushes this quarter?"
"APX-0193","Dr. Rita Rakus Clinic Knightsbridge","Harley Street Aesthetic Clinic","London","UK","+44 20 7460 7324","enquiries@drritarakus.com","97","Ready for Outreach","https://wa.me/442074607324?text=Hello%20Dr.%20Rita%20Rakus%20Clinic%20Knightsbridge%20Team!%20%F0%9F%91%8B%20We%20help%20private%20medical%20%26%20aesthetic%20clinics%20in%20London%20generate%2025-35%20high-ticket%20consultation%20bookings%20every%20month%20through%20automated%20search%20%26%20paid%20media%20funnels.%20Would%20you%20be%20open%20to%20a%202-minute%20breakdown%3F","Predictable High-Ticket Patient Acquisition for Dr. Rita Rakus Clinic Knightsbridge (London)","Hello Dr. Rita Rakus Clinic Knightsbridge Team! 👋 We help private medical & aesthetic clinics in London generate 25-35 high-ticket consultation bookings every month through automated search & paid media funnels. Would you be open to a 2-minute breakdown?"
"APX-0194","London Premier Laser & Skin Clinic","Harley Street Aesthetic Clinic","London","UK","+44 20 7486 4488","info@londonpremierlaser.co.uk","95","Ready for Outreach","https://wa.me/442074864488?text=Hello%20London%20Premier%20Laser%20%26%20Skin%20Clinic%20Team!%20%F0%9F%91%8B%20We%20help%20private%20medical%20%26%20aesthetic%20clinics%20in%20London%20generate%2025-35%20high-ticket%20consultation%20bookings%20every%20month%20through%20automated%20search%20%26%20paid%20media%20funnels.%20Would%20you%20be%20open%20to%20a%202-minute%20breakdown%3F","Predictable High-Ticket Patient Acquisition for London Premier Laser & Skin Clinic (London)","Hello London Premier Laser & Skin Clinic Team! 👋 We help private medical & aesthetic clinics in London generate 25-35 high-ticket consultation bookings every month through automated search & paid media funnels. Would you be open to a 2-minute breakdown?"
"APX-0195","Cheyne Capital Management London","Private Wealth Mayfair","London","UK","+44 20 7968 7450","ir@cheynecapital.com","98","Ready for Outreach","https://wa.me/442079687450?text=Hello%20Cheyne%20Capital%20Management%20London%20Team!%20%F0%9F%91%8B%20We%20help%20private%20medical%20%26%20aesthetic%20clinics%20in%20London%20generate%2025-35%20high-ticket%20consultation%20bookings%20every%20month%20through%20automated%20search%20%26%20paid%20media%20funnels.%20Would%20you%20be%20open%20to%20a%202-minute%20breakdown%3F","Predictable High-Ticket Patient Acquisition for Cheyne Capital Management London (London)","Hello Cheyne Capital Management London Team! 👋 We help private medical & aesthetic clinics in London generate 25-35 high-ticket consultation bookings every month through automated search & paid media funnels. Would you be open to a 2-minute breakdown?"
"APX-0196","Quintessentially London HQ","Luxury Concierge Mayfair","London","UK","+44 20 7760 7700","membership@quintessentially.com","96","Ready for Outreach","https://wa.me/442077607700?text=Hello%20Quintessentially%20London%20HQ%20Team!%20%F0%9F%91%8B%20We%20help%20private%20medical%20%26%20aesthetic%20clinics%20in%20London%20generate%2025-35%20high-ticket%20consultation%20bookings%20every%20month%20through%20automated%20search%20%26%20paid%20media%20funnels.%20Would%20you%20be%20open%20to%20a%202-minute%20breakdown%3F","Predictable High-Ticket Patient Acquisition for Quintessentially London HQ (London)","Hello Quintessentially London HQ Team! 👋 We help private medical & aesthetic clinics in London generate 25-35 high-ticket consultation bookings every month through automated search & paid media funnels. Would you be open to a 2-minute breakdown?"
"APX-0197","H.R. Owen Luxury Motor Group Mayfair","Luxury Supercar UK","London","UK","+44 20 7245 1122","info@hrowen.co.uk","97","Ready for Outreach","https://wa.me/442072451122?text=Hello%20H.R.%20Owen%20Luxury%20Motor%20Group%20Mayfair%20Team!%20%F0%9F%91%8B%20We%20help%20private%20medical%20%26%20aesthetic%20clinics%20in%20London%20generate%2025-35%20high-ticket%20consultation%20bookings%20every%20month%20through%20automated%20search%20%26%20paid%20media%20funnels.%20Would%20you%20be%20open%20to%20a%202-minute%20breakdown%3F","Predictable High-Ticket Patient Acquisition for H.R. Owen Luxury Motor Group Mayfair (London)","Hello H.R. Owen Luxury Motor Group Mayfair Team! 👋 We help private medical & aesthetic clinics in London generate 25-35 high-ticket consultation bookings every month through automated search & paid media funnels. Would you be open to a 2-minute breakdown?"
"APX-0198","Harley Street Dental Studio","Private Dental Harley St","London","UK","+44 20 7636 5981","info@harleystreetdentalstudio.com","94","Ready for Outreach","https://wa.me/442076365981?text=Hello%20Harley%20Street%20Dental%20Studio%20Team!%20%F0%9F%91%8B%20We%20help%20private%20medical%20%26%20aesthetic%20clinics%20in%20London%20generate%2025-35%20high-ticket%20consultation%20bookings%20every%20month%20through%20automated%20search%20%26%20paid%20media%20funnels.%20Would%20you%20be%20open%20to%20a%202-minute%20breakdown%3F","Predictable High-Ticket Patient Acquisition for Harley Street Dental Studio (London)","Hello Harley Street Dental Studio Team! 👋 We help private medical & aesthetic clinics in London generate 25-35 high-ticket consultation bookings every month through automated search & paid media funnels. Would you be open to a 2-minute breakdown?"
"APX-0199","King Edward VIIs Hospital Marylebone","Private Hospital London","London","UK","+44 20 7486 4411","marketing@kingedwardvii.co.uk","96","Ready for Outreach","https://wa.me/442074864411?text=Hello%20King%20Edward%20VIIs%20Hospital%20Marylebone%20Team!%20%F0%9F%91%8B%20We%20help%20private%20medical%20%26%20aesthetic%20clinics%20in%20London%20generate%2025-35%20high-ticket%20consultation%20bookings%20every%20month%20through%20automated%20search%20%26%20paid%20media%20funnels.%20Would%20you%20be%20open%20to%20a%202-minute%20breakdown%3F","Predictable High-Ticket Patient Acquisition for King Edward VIIs Hospital Marylebone (London)","Hello King Edward VIIs Hospital Marylebone Team! 👋 We help private medical & aesthetic clinics in London generate 25-35 high-ticket consultation bookings every month through automated search & paid media funnels. Would you be open to a 2-minute breakdown?"
"APX-0200","Annabel's Private Members Club Mayfair","Fine Dining Mayfair","London","UK","+44 20 7629 1096","enquiries@annabels.co.uk","98","Ready for Outreach","https://wa.me/442076291096?text=Hello%20Annabel's%20Private%20Members%20Club%20Mayfair%20Team!%20%F0%9F%91%8B%20We%20help%20private%20medical%20%26%20aesthetic%20clinics%20in%20London%20generate%2025-35%20high-ticket%20consultation%20bookings%20every%20month%20through%20automated%20search%20%26%20paid%20media%20funnels.%20Would%20you%20be%20open%20to%20a%202-minute%20breakdown%3F","Predictable High-Ticket Patient Acquisition for Annabel's Private Members Club Mayfair (London)","Hello Annabel's Private Members Club Mayfair Team! 👋 We help private medical & aesthetic clinics in London generate 25-35 high-ticket consultation bookings every month through automated search & paid media funnels. Would you be open to a 2-minute breakdown?"
"APX-0201","Christie's London King Street","Luxury Auction House","London","UK","+44 20 7839 9060","info@christies.com","99","Ready for Outreach","https://wa.me/442078399060?text=Hello%20Christie's%20London%20King%20Street%20Team!%20%F0%9F%91%8B%20We%20help%20private%20medical%20%26%20aesthetic%20clinics%20in%20London%20generate%2025-35%20high-ticket%20consultation%20bookings%20every%20month%20through%20automated%20search%20%26%20paid%20media%20funnels.%20Would%20you%20be%20open%20to%20a%202-minute%20breakdown%3F","Predictable High-Ticket Patient Acquisition for Christie's London King Street (London)","Hello Christie's London King Street Team! 👋 We help private medical & aesthetic clinics in London generate 25-35 high-ticket consultation bookings every month through automated search & paid media funnels. Would you be open to a 2-minute breakdown?"
"APX-0202","Sotheby's London New Bond Street","Luxury Auction House","London","UK","+44 20 7293 5000","enquiries@sothebys.com","99","Ready for Outreach","https://wa.me/442072935000?text=Hello%20Sotheby's%20London%20New%20Bond%20Street%20Team!%20%F0%9F%91%8B%20We%20help%20private%20medical%20%26%20aesthetic%20clinics%20in%20London%20generate%2025-35%20high-ticket%20consultation%20bookings%20every%20month%20through%20automated%20search%20%26%20paid%20media%20funnels.%20Would%20you%20be%20open%20to%20a%202-minute%20breakdown%3F","Predictable High-Ticket Patient Acquisition for Sotheby's London New Bond Street (London)","Hello Sotheby's London New Bond Street Team! 👋 We help private medical & aesthetic clinics in London generate 25-35 high-ticket consultation bookings every month through automated search & paid media funnels. Would you be open to a 2-minute breakdown?"
"APX-0203","Omniyat Properties Dubai","Luxury Real Estate","Dubai","UAE","+971 4 511 5000","sales@omniyat.com","98","Ready for Outreach","https://wa.me/97145115000?text=Hi%20Omniyat%20Properties%20Dubai%20Team!%20%F0%9F%91%8B%20We%20help%20luxury%20brands%20%26%20real%20estate%20developers%20in%20Dubai%20acquire%20high-net-worth%20buyers%20through%20hyper-targeted%20performance%20funnels%20(verified%204.8x%20ROAS).%20Are%20you%20looking%20to%20scale%20buyer%20acquisition%20this%20month%3F","High-Net-Worth Buyer Acquisition Funnel for Omniyat Properties Dubai (Dubai)","Hi Omniyat Properties Dubai Team! 👋 We help luxury brands & real estate developers in Dubai acquire high-net-worth buyers through hyper-targeted performance funnels (verified 4.8x ROAS). Are you looking to scale buyer acquisition this month?"
"APX-0204","Select Group Dubai Marina","Luxury Real Estate","Dubai","UAE","+971 4 368 3355","info@select-group.ae","97","Ready for Outreach","https://wa.me/97143683355?text=Hi%20Select%20Group%20Dubai%20Marina%20Team!%20%F0%9F%91%8B%20We%20help%20luxury%20brands%20%26%20real%20estate%20developers%20in%20Dubai%20acquire%20high-net-worth%20buyers%20through%20hyper-targeted%20performance%20funnels%20(verified%204.8x%20ROAS).%20Are%20you%20looking%20to%20scale%20buyer%20acquisition%20this%20month%3F","High-Net-Worth Buyer Acquisition Funnel for Select Group Dubai Marina (Dubai)","Hi Select Group Dubai Marina Team! 👋 We help luxury brands & real estate developers in Dubai acquire high-net-worth buyers through hyper-targeted performance funnels (verified 4.8x ROAS). Are you looking to scale buyer acquisition this month?"
"APX-0205","Ellington Properties Dubai","Luxury Real Estate","Dubai","UAE","+971 4 275 7000","info@ellingtongroup.com","97","Ready for Outreach","https://wa.me/97142757000?text=Hi%20Ellington%20Properties%20Dubai%20Team!%20%F0%9F%91%8B%20We%20help%20luxury%20brands%20%26%20real%20estate%20developers%20in%20Dubai%20acquire%20high-net-worth%20buyers%20through%20hyper-targeted%20performance%20funnels%20(verified%204.8x%20ROAS).%20Are%20you%20looking%20to%20scale%20buyer%20acquisition%20this%20month%3F","High-Net-Worth Buyer Acquisition Funnel for Ellington Properties Dubai (Dubai)","Hi Ellington Properties Dubai Team! 👋 We help luxury brands & real estate developers in Dubai acquire high-net-worth buyers through hyper-targeted performance funnels (verified 4.8x ROAS). Are you looking to scale buyer acquisition this month?"
"APX-0206","Mubadala Investment Company Dubai Hub","Private Wealth DIFC","Dubai","UAE","+971 4 372 8000","info@mubadala.ae","99","Ready for Outreach","https://wa.me/97143728000?text=Hi%20Mubadala%20Investment%20Company%20Dubai%20Hub%20Team!%20%F0%9F%91%8B%20We%20help%20luxury%20brands%20%26%20real%20estate%20developers%20in%20Dubai%20acquire%20high-net-worth%20buyers%20through%20hyper-targeted%20performance%20funnels%20(verified%204.8x%20ROAS).%20Are%20you%20looking%20to%20scale%20buyer%20acquisition%20this%20month%3F","High-Net-Worth Buyer Acquisition Funnel for Mubadala Investment Company Dubai Hub (Dubai)","Hi Mubadala Investment Company Dubai Hub Team! 👋 We help luxury brands & real estate developers in Dubai acquire high-net-worth buyers through hyper-targeted performance funnels (verified 4.8x ROAS). Are you looking to scale buyer acquisition this month?"
"APX-0207","Empire Aviation Group Dubai","Luxury Aviation","Dubai","UAE","+971 4 299 8444","sales@empire.aero","96","Ready for Outreach","https://wa.me/97142998444?text=Hi%20Empire%20Aviation%20Group%20Dubai%20Team!%20%F0%9F%91%8B%20We%20help%20luxury%20brands%20%26%20real%20estate%20developers%20in%20Dubai%20acquire%20high-net-worth%20buyers%20through%20hyper-targeted%20performance%20funnels%20(verified%204.8x%20ROAS).%20Are%20you%20looking%20to%20scale%20buyer%20acquisition%20this%20month%3F","High-Net-Worth Buyer Acquisition Funnel for Empire Aviation Group Dubai (Dubai)","Hi Empire Aviation Group Dubai Team! 👋 We help luxury brands & real estate developers in Dubai acquire high-net-worth buyers through hyper-targeted performance funnels (verified 4.8x ROAS). Are you looking to scale buyer acquisition this month?"
"APX-0208","Al Faisaliah Hotel Riyadh (Mandarin Oriental)","Hospitality KSA","Riyadh","Saudi Arabia","+966 11 273 2000","motol-reservations@mohg.com","99","Ready for Outreach","https://wa.me/966112732000?text=Marhaba%20Al%20Faisaliah%20Hotel%20Riyadh%20(Mandarin%20Oriental)%20Team!%20%F0%9F%91%8B%20I%20am%20Ismail%20Kazia%20from%20GALICON.%20We%20produce%20Vision%202030%20corporate%20conclaves%2C%20mega%20summits%20%26%20VIP%20staging%20across%20Riyadh%20%26%20Jeddah%20with%20Arabic%2FEnglish%20interpretation%20%26%20local%20ANB%20Bank%20invoicing.%20Can%20we%20share%20our%202026%20lookbook%3F","Saudi Vision 2030 Executive Conclave & Staging Partnership — Al Faisaliah Hotel Riyadh (Mandarin Oriental) (Riyadh / Jeddah)","Marhaba Al Faisaliah Hotel Riyadh (Mandarin Oriental) Team! 👋 I am Ismail Kazia from GALICON. We produce Vision 2030 corporate conclaves, mega summits & VIP staging across Riyadh & Jeddah with Arabic/English interpretation & local ANB Bank invoicing. Can we share our 2026 lookbook?"
"APX-0209","Geidea Fintech Saudi Arabia","Fintech KSA","Riyadh","Saudi Arabia","+966 11 214 0000","sales@geidea.net","97","Ready for Outreach","https://wa.me/966112140000?text=Marhaba%20Geidea%20Fintech%20Saudi%20Arabia%20Team!%20%F0%9F%91%8B%20I%20am%20Ismail%20Kazia%20from%20GALICON.%20We%20produce%20Vision%202030%20corporate%20conclaves%2C%20mega%20summits%20%26%20VIP%20staging%20across%20Riyadh%20%26%20Jeddah%20with%20Arabic%2FEnglish%20interpretation%20%26%20local%20ANB%20Bank%20invoicing.%20Can%20we%20share%20our%202026%20lookbook%3F","Saudi Vision 2030 Executive Conclave & Staging Partnership — Geidea Fintech Saudi Arabia (Riyadh / Jeddah)","Marhaba Geidea Fintech Saudi Arabia Team! 👋 I am Ismail Kazia from GALICON. We produce Vision 2030 corporate conclaves, mega summits & VIP staging across Riyadh & Jeddah with Arabic/English interpretation & local ANB Bank invoicing. Can we share our 2026 lookbook?"
"APX-0210","Jahez International Co. (Food Tech)","Logistics KSA","Riyadh","Saudi Arabia","+966 11 419 2222","ir@jahez.net","98","Ready for Outreach","https://wa.me/966114192222?text=Marhaba%20Jahez%20International%20Co.%20(Food%20Tech)%20Team!%20%F0%9F%91%8B%20I%20am%20Ismail%20Kazia%20from%20GALICON.%20We%20produce%20Vision%202030%20corporate%20conclaves%2C%20mega%20summits%20%26%20VIP%20staging%20across%20Riyadh%20%26%20Jeddah%20with%20Arabic%2FEnglish%20interpretation%20%26%20local%20ANB%20Bank%20invoicing.%20Can%20we%20share%20our%202026%20lookbook%3F","Saudi Vision 2030 Executive Conclave & Staging Partnership — Jahez International Co. (Food Tech) (Riyadh / Jeddah)","Marhaba Jahez International Co. (Food Tech) Team! 👋 I am Ismail Kazia from GALICON. We produce Vision 2030 corporate conclaves, mega summits & VIP staging across Riyadh & Jeddah with Arabic/English interpretation & local ANB Bank invoicing. Can we share our 2026 lookbook?"
"APX-0211","Muvi Cinemas Saudi Arabia","Entertainment KSA","Jeddah","Saudi Arabia","+966 11 216 7777","marketing@muvicinemas.com","95","Ready for Outreach","https://wa.me/966112167777?text=Marhaba%20Muvi%20Cinemas%20Saudi%20Arabia%20Team!%20%F0%9F%91%8B%20I%20am%20Ismail%20Kazia%20from%20GALICON.%20We%20produce%20Vision%202030%20corporate%20conclaves%2C%20mega%20summits%20%26%20VIP%20staging%20across%20Riyadh%20%26%20Jeddah%20with%20Arabic%2FEnglish%20interpretation%20%26%20local%20ANB%20Bank%20invoicing.%20Can%20we%20share%20our%202026%20lookbook%3F","Saudi Vision 2030 Executive Conclave & Staging Partnership — Muvi Cinemas Saudi Arabia (Riyadh / Jeddah)","Marhaba Muvi Cinemas Saudi Arabia Team! 👋 I am Ismail Kazia from GALICON. We produce Vision 2030 corporate conclaves, mega summits & VIP staging across Riyadh & Jeddah with Arabic/English interpretation & local ANB Bank invoicing. Can we share our 2026 lookbook?"
"APX-0212","SAMACO Automotive (Audi & Porsche KSA)","Automotive KSA","Jeddah","Saudi Arabia","+966 12 683 5555","info@samaco.com.sa","98","Ready for Outreach","https://wa.me/966126835555?text=Marhaba%20SAMACO%20Automotive%20(Audi%20%26%20Porsche%20KSA)%20Team!%20%F0%9F%91%8B%20I%20am%20Ismail%20Kazia%20from%20GALICON.%20We%20produce%20Vision%202030%20corporate%20conclaves%2C%20mega%20summits%20%26%20VIP%20staging%20across%20Riyadh%20%26%20Jeddah%20with%20Arabic%2FEnglish%20interpretation%20%26%20local%20ANB%20Bank%20invoicing.%20Can%20we%20share%20our%202026%20lookbook%3F","Saudi Vision 2030 Executive Conclave & Staging Partnership — SAMACO Automotive (Audi & Porsche KSA) (Riyadh / Jeddah)","Marhaba SAMACO Automotive (Audi & Porsche KSA) Team! 👋 I am Ismail Kazia from GALICON. We produce Vision 2030 corporate conclaves, mega summits & VIP staging across Riyadh & Jeddah with Arabic/English interpretation & local ANB Bank invoicing. Can we share our 2026 lookbook?"
"APX-0213","Dell Technologies India Bangalore","Tech Enterprise","Bangalore","India","+91 80 2501 5000","india.events@dell.com","97","Ready for Outreach","https://wa.me/918025015000?text=Hi%20Dell%20Technologies%20India%20Bangalore%20Leadership!%20%F0%9F%91%8B%20I%20am%20Ismail%20Kazia%2C%20Founder%20of%20GALICON.%20We%20deliver%20turnkey%20corporate%20event%20production%20across%20Bangalore%20(The%20Leela%20Palace%2C%20ITC%20Gardenia%2C%20BIEC)%20with%20curved%204K%20LED%20staging%2C%20concert%20sound%20%26%20VIP%20protocol.%20Planning%20any%20tech%20summit%20or%20team%20conclave%20this%20quarter%3F%20Let's%20connect!","Exclusive Corporate Summit & Staging Production for Dell Technologies India Bangalore (Bangalore)","Hi Dell Technologies India Bangalore Leadership! 👋 I am Ismail Kazia, Founder of GALICON. We deliver turnkey corporate event production across Bangalore (The Leela Palace, ITC Gardenia, BIEC) with curved 4K LED staging, concert sound & VIP protocol. Planning any tech summit or team conclave this quarter? Let's connect!"
"APX-0214","Oracle India Technology Campus","Tech Enterprise","Bangalore","India","+91 80 4108 0000","events_india@oracle.com","98","Ready for Outreach","https://wa.me/918041080000?text=Hi%20Oracle%20India%20Technology%20Campus%20Leadership!%20%F0%9F%91%8B%20I%20am%20Ismail%20Kazia%2C%20Founder%20of%20GALICON.%20We%20deliver%20turnkey%20corporate%20event%20production%20across%20Bangalore%20(The%20Leela%20Palace%2C%20ITC%20Gardenia%2C%20BIEC)%20with%20curved%204K%20LED%20staging%2C%20concert%20sound%20%26%20VIP%20protocol.%20Planning%20any%20tech%20summit%20or%20team%20conclave%20this%20quarter%3F%20Let's%20connect!","Exclusive Corporate Summit & Staging Production for Oracle India Technology Campus (Bangalore)","Hi Oracle India Technology Campus Leadership! 👋 I am Ismail Kazia, Founder of GALICON. We deliver turnkey corporate event production across Bangalore (The Leela Palace, ITC Gardenia, BIEC) with curved 4K LED staging, concert sound & VIP protocol. Planning any tech summit or team conclave this quarter? Let's connect!"
"APX-0215","Cisco Systems India Bangalore Campus","Tech Enterprise","Bangalore","India","+91 80 4426 0000","cisco_events@cisco.com","98","Ready for Outreach","https://wa.me/918044260000?text=Hi%20Cisco%20Systems%20India%20Bangalore%20Campus%20Leadership!%20%F0%9F%91%8B%20I%20am%20Ismail%20Kazia%2C%20Founder%20of%20GALICON.%20We%20deliver%20turnkey%20corporate%20event%20production%20across%20Bangalore%20(The%20Leela%20Palace%2C%20ITC%20Gardenia%2C%20BIEC)%20with%20curved%204K%20LED%20staging%2C%20concert%20sound%20%26%20VIP%20protocol.%20Planning%20any%20tech%20summit%20or%20team%20conclave%20this%20quarter%3F%20Let's%20connect!","Exclusive Corporate Summit & Staging Production for Cisco Systems India Bangalore Campus (Bangalore)","Hi Cisco Systems India Bangalore Campus Leadership! 👋 I am Ismail Kazia, Founder of GALICON. We deliver turnkey corporate event production across Bangalore (The Leela Palace, ITC Gardenia, BIEC) with curved 4K LED staging, concert sound & VIP protocol. Planning any tech summit or team conclave this quarter? Let's connect!"
"APX-0216","Amazon Development Centre Bangalore","Tech Enterprise","Bangalore","India","+91 80 6787 3000","corp-events@amazon.com","99","Ready for Outreach","https://wa.me/918067873000?text=Hi%20Amazon%20Development%20Centre%20Bangalore%20Leadership!%20%F0%9F%91%8B%20I%20am%20Ismail%20Kazia%2C%20Founder%20of%20GALICON.%20We%20deliver%20turnkey%20corporate%20event%20production%20across%20Bangalore%20(The%20Leela%20Palace%2C%20ITC%20Gardenia%2C%20BIEC)%20with%20curved%204K%20LED%20staging%2C%20concert%20sound%20%26%20VIP%20protocol.%20Planning%20any%20tech%20summit%20or%20team%20conclave%20this%20quarter%3F%20Let's%20connect!","Exclusive Corporate Summit & Staging Production for Amazon Development Centre Bangalore (Bangalore)","Hi Amazon Development Centre Bangalore Leadership! 👋 I am Ismail Kazia, Founder of GALICON. We deliver turnkey corporate event production across Bangalore (The Leela Palace, ITC Gardenia, BIEC) with curved 4K LED staging, concert sound & VIP protocol. Planning any tech summit or team conclave this quarter? Let's connect!"
"APX-0217","Google India Bangalore Office","Tech Enterprise","Bangalore","India","+91 80 6721 8000","bangalore-events@google.com","99","Ready for Outreach","https://wa.me/918067218000?text=Hi%20Google%20India%20Bangalore%20Office%20Leadership!%20%F0%9F%91%8B%20I%20am%20Ismail%20Kazia%2C%20Founder%20of%20GALICON.%20We%20deliver%20turnkey%20corporate%20event%20production%20across%20Bangalore%20(The%20Leela%20Palace%2C%20ITC%20Gardenia%2C%20BIEC)%20with%20curved%204K%20LED%20staging%2C%20concert%20sound%20%26%20VIP%20protocol.%20Planning%20any%20tech%20summit%20or%20team%20conclave%20this%20quarter%3F%20Let's%20connect!","Exclusive Corporate Summit & Staging Production for Google India Bangalore Office (Bangalore)","Hi Google India Bangalore Office Leadership! 👋 I am Ismail Kazia, Founder of GALICON. We deliver turnkey corporate event production across Bangalore (The Leela Palace, ITC Gardenia, BIEC) with curved 4K LED staging, concert sound & VIP protocol. Planning any tech summit or team conclave this quarter? Let's connect!"
"APX-0218","CoinSwitch Kuber (Bitcipher Labs)","Fintech Unicorn","Bangalore","India","+91 80 4683 7000","partnerships@coinswitch.co","95","Ready for Outreach","https://wa.me/918046837000?text=Hi%20CoinSwitch%20Kuber%20(Bitcipher%20Labs)%20Leadership!%20%F0%9F%91%8B%20I%20am%20Ismail%20Kazia%2C%20Founder%20of%20GALICON.%20We%20deliver%20turnkey%20corporate%20event%20production%20across%20Bangalore%20(The%20Leela%20Palace%2C%20ITC%20Gardenia%2C%20BIEC)%20with%20curved%204K%20LED%20staging%2C%20concert%20sound%20%26%20VIP%20protocol.%20Planning%20any%20tech%20summit%20or%20team%20conclave%20this%20quarter%3F%20Let's%20connect!","Exclusive Corporate Summit & Staging Production for CoinSwitch Kuber (Bitcipher Labs) (Bangalore)","Hi CoinSwitch Kuber (Bitcipher Labs) Leadership! 👋 I am Ismail Kazia, Founder of GALICON. We deliver turnkey corporate event production across Bangalore (The Leela Palace, ITC Gardenia, BIEC) with curved 4K LED staging, concert sound & VIP protocol. Planning any tech summit or team conclave this quarter? Let's connect!"
"APX-0219","Navi Technologies (Sachin Bansal)","Fintech Unicorn","Bangalore","India","+91 80 4511 8800","events@navi.com","96","Ready for Outreach","https://wa.me/918045118800?text=Hi%20Navi%20Technologies%20(Sachin%20Bansal)%20Leadership!%20%F0%9F%91%8B%20I%20am%20Ismail%20Kazia%2C%20Founder%20of%20GALICON.%20We%20deliver%20turnkey%20corporate%20event%20production%20across%20Bangalore%20(The%20Leela%20Palace%2C%20ITC%20Gardenia%2C%20BIEC)%20with%20curved%204K%20LED%20staging%2C%20concert%20sound%20%26%20VIP%20protocol.%20Planning%20any%20tech%20summit%20or%20team%20conclave%20this%20quarter%3F%20Let's%20connect!","Exclusive Corporate Summit & Staging Production for Navi Technologies (Sachin Bansal) (Bangalore)","Hi Navi Technologies (Sachin Bansal) Leadership! 👋 I am Ismail Kazia, Founder of GALICON. We deliver turnkey corporate event production across Bangalore (The Leela Palace, ITC Gardenia, BIEC) with curved 4K LED staging, concert sound & VIP protocol. Planning any tech summit or team conclave this quarter? Let's connect!"
"APX-0220","PharmEasy Bangalore Tech Hub","Health Tech Unicorn","Bangalore","India","+91 80 6813 9000","brand@pharmeasy.in","94","Ready for Outreach","https://wa.me/918068139000?text=Hi%20PharmEasy%20Bangalore%20Tech%20Hub%20Leadership!%20%F0%9F%91%8B%20I%20am%20Ismail%20Kazia%2C%20Founder%20of%20GALICON.%20We%20deliver%20turnkey%20corporate%20event%20production%20across%20Bangalore%20(The%20Leela%20Palace%2C%20ITC%20Gardenia%2C%20BIEC)%20with%20curved%204K%20LED%20staging%2C%20concert%20sound%20%26%20VIP%20protocol.%20Planning%20any%20tech%20summit%20or%20team%20conclave%20this%20quarter%3F%20Let's%20connect!","Exclusive Corporate Summit & Staging Production for PharmEasy Bangalore Tech Hub (Bangalore)","Hi PharmEasy Bangalore Tech Hub Leadership! 👋 I am Ismail Kazia, Founder of GALICON. We deliver turnkey corporate event production across Bangalore (The Leela Palace, ITC Gardenia, BIEC) with curved 4K LED staging, concert sound & VIP protocol. Planning any tech summit or team conclave this quarter? Let's connect!"
"APX-0221","Eruditus Executive Education Bangalore","Edtech Unicorn","Bangalore","India","+91 80 4719 5000","events@eruditus.com","96","Ready for Outreach","https://wa.me/918047195000?text=Hi%20Eruditus%20Executive%20Education%20Bangalore%20Leadership!%20%F0%9F%91%8B%20I%20am%20Ismail%20Kazia%2C%20Founder%20of%20GALICON.%20We%20deliver%20turnkey%20corporate%20event%20production%20across%20Bangalore%20(The%20Leela%20Palace%2C%20ITC%20Gardenia%2C%20BIEC)%20with%20curved%204K%20LED%20staging%2C%20concert%20sound%20%26%20VIP%20protocol.%20Planning%20any%20tech%20summit%20or%20team%20conclave%20this%20quarter%3F%20Let's%20connect!","Exclusive Corporate Summit & Staging Production for Eruditus Executive Education Bangalore (Bangalore)","Hi Eruditus Executive Education Bangalore Leadership! 👋 I am Ismail Kazia, Founder of GALICON. We deliver turnkey corporate event production across Bangalore (The Leela Palace, ITC Gardenia, BIEC) with curved 4K LED staging, concert sound & VIP protocol. Planning any tech summit or team conclave this quarter? Let's connect!"
"APX-0222","Simple Energy Bangalore R&D","EV Mobility Unicorn","Bangalore","India","+91 80 6899 4000","corporate@simpleenergy.in","93","Ready for Outreach","https://wa.me/918068994000?text=Hi%20Simple%20Energy%20Bangalore%20R%26D%20Leadership!%20%F0%9F%91%8B%20I%20am%20Ismail%20Kazia%2C%20Founder%20of%20GALICON.%20We%20deliver%20turnkey%20corporate%20event%20production%20across%20Bangalore%20(The%20Leela%20Palace%2C%20ITC%20Gardenia%2C%20BIEC)%20with%20curved%204K%20LED%20staging%2C%20concert%20sound%20%26%20VIP%20protocol.%20Planning%20any%20tech%20summit%20or%20team%20conclave%20this%20quarter%3F%20Let's%20connect!","Exclusive Corporate Summit & Staging Production for Simple Energy Bangalore R&D (Bangalore)","Hi Simple Energy Bangalore R&D Leadership! 👋 I am Ismail Kazia, Founder of GALICON. We deliver turnkey corporate event production across Bangalore (The Leela Palace, ITC Gardenia, BIEC) with curved 4K LED staging, concert sound & VIP protocol. Planning any tech summit or team conclave this quarter? Let's connect!"
"APX-0223","The Den Bengaluru (Whitefield)","Luxury Hotel & Convention Partner","Bangalore","India","+91 80 7111 7222","events@thedenhospitality.com","97","Ready for Outreach","https://wa.me/918071117222?text=Hi%20The%20Den%20Bengaluru%20(Whitefield)%20Leadership!%20%F0%9F%91%8B%20I%20am%20Ismail%20Kazia%2C%20Founder%20of%20GALICON.%20We%20deliver%20turnkey%20corporate%20event%20production%20across%20Bangalore%20(The%20Leela%20Palace%2C%20ITC%20Gardenia%2C%20BIEC)%20with%20curved%204K%20LED%20staging%2C%20concert%20sound%20%26%20VIP%20protocol.%20Planning%20any%20tech%20summit%20or%20team%20conclave%20this%20quarter%3F%20Let's%20connect!","Exclusive Corporate Summit & Staging Production for The Den Bengaluru (Whitefield) (Bangalore)","Hi The Den Bengaluru (Whitefield) Leadership! 👋 I am Ismail Kazia, Founder of GALICON. We deliver turnkey corporate event production across Bangalore (The Leela Palace, ITC Gardenia, BIEC) with curved 4K LED staging, concert sound & VIP protocol. Planning any tech summit or team conclave this quarter? Let's connect!"
"APX-0224","Radisson Blu Bengaluru Outer Ring Road","Luxury Hotel & Convention Partner","Bangalore","India","+91 80 6707 6909","events.blr@radisson.com","96","Ready for Outreach","https://wa.me/918067076909?text=Hi%20Radisson%20Blu%20Bengaluru%20Outer%20Ring%20Road%20Leadership!%20%F0%9F%91%8B%20I%20am%20Ismail%20Kazia%2C%20Founder%20of%20GALICON.%20We%20deliver%20turnkey%20corporate%20event%20production%20across%20Bangalore%20(The%20Leela%20Palace%2C%20ITC%20Gardenia%2C%20BIEC)%20with%20curved%204K%20LED%20staging%2C%20concert%20sound%20%26%20VIP%20protocol.%20Planning%20any%20tech%20summit%20or%20team%20conclave%20this%20quarter%3F%20Let's%20connect!","Exclusive Corporate Summit & Staging Production for Radisson Blu Bengaluru Outer Ring Road (Bangalore)","Hi Radisson Blu Bengaluru Outer Ring Road Leadership! 👋 I am Ismail Kazia, Founder of GALICON. We deliver turnkey corporate event production across Bangalore (The Leela Palace, ITC Gardenia, BIEC) with curved 4K LED staging, concert sound & VIP protocol. Planning any tech summit or team conclave this quarter? Let's connect!"
"APX-0225","Novotel Bengaluru Outer Ring Road","Luxury Hotel & Convention Partner","Bangalore","India","+91 80 6670 5000","h6453-sb@accor.com","95","Ready for Outreach","https://wa.me/918066705000?text=Hi%20Novotel%20Bengaluru%20Outer%20Ring%20Road%20Leadership!%20%F0%9F%91%8B%20I%20am%20Ismail%20Kazia%2C%20Founder%20of%20GALICON.%20We%20deliver%20turnkey%20corporate%20event%20production%20across%20Bangalore%20(The%20Leela%20Palace%2C%20ITC%20Gardenia%2C%20BIEC)%20with%20curved%204K%20LED%20staging%2C%20concert%20sound%20%26%20VIP%20protocol.%20Planning%20any%20tech%20summit%20or%20team%20conclave%20this%20quarter%3F%20Let's%20connect!","Exclusive Corporate Summit & Staging Production for Novotel Bengaluru Outer Ring Road (Bangalore)","Hi Novotel Bengaluru Outer Ring Road Leadership! 👋 I am Ismail Kazia, Founder of GALICON. We deliver turnkey corporate event production across Bangalore (The Leela Palace, ITC Gardenia, BIEC) with curved 4K LED staging, concert sound & VIP protocol. Planning any tech summit or team conclave this quarter? Let's connect!"
"APX-0226","Sequoia Capital India (Peak XV Partners)","Venture Capital Bangalore","Bangalore","India","+91 80 4030 0000","events@peakxv.com","99","Ready for Outreach","https://wa.me/918040300000?text=Hi%20Sequoia%20Capital%20India%20(Peak%20XV%20Partners)%20Leadership!%20%F0%9F%91%8B%20I%20am%20Ismail%20Kazia%2C%20Founder%20of%20GALICON.%20We%20deliver%20turnkey%20corporate%20event%20production%20across%20Bangalore%20(The%20Leela%20Palace%2C%20ITC%20Gardenia%2C%20BIEC)%20with%20curved%204K%20LED%20staging%2C%20concert%20sound%20%26%20VIP%20protocol.%20Planning%20any%20tech%20summit%20or%20team%20conclave%20this%20quarter%3F%20Let's%20connect!","Exclusive Corporate Summit & Staging Production for Sequoia Capital India (Peak XV Partners) (Bangalore)","Hi Sequoia Capital India (Peak XV Partners) Leadership! 👋 I am Ismail Kazia, Founder of GALICON. We deliver turnkey corporate event production across Bangalore (The Leela Palace, ITC Gardenia, BIEC) with curved 4K LED staging, concert sound & VIP protocol. Planning any tech summit or team conclave this quarter? Let's connect!"
"APX-0227","Accel Partners India Bangalore","Venture Capital Bangalore","Bangalore","India","+91 80 4353 9800","events.india@accel.com","99","Ready for Outreach","https://wa.me/918043539800?text=Hi%20Accel%20Partners%20India%20Bangalore%20Leadership!%20%F0%9F%91%8B%20I%20am%20Ismail%20Kazia%2C%20Founder%20of%20GALICON.%20We%20deliver%20turnkey%20corporate%20event%20production%20across%20Bangalore%20(The%20Leela%20Palace%2C%20ITC%20Gardenia%2C%20BIEC)%20with%20curved%204K%20LED%20staging%2C%20concert%20sound%20%26%20VIP%20protocol.%20Planning%20any%20tech%20summit%20or%20team%20conclave%20this%20quarter%3F%20Let's%20connect!","Exclusive Corporate Summit & Staging Production for Accel Partners India Bangalore (Bangalore)","Hi Accel Partners India Bangalore Leadership! 👋 I am Ismail Kazia, Founder of GALICON. We deliver turnkey corporate event production across Bangalore (The Leela Palace, ITC Gardenia, BIEC) with curved 4K LED staging, concert sound & VIP protocol. Planning any tech summit or team conclave this quarter? Let's connect!"
"APX-0228","Meydan Group LLC Dubai","Luxury Developer Dubai","Dubai","UAE","+971 4 381 3333","info@meydan.ae","98","Ready for Outreach","https://wa.me/97143813333?text=Hi%20Meydan%20Group%20LLC%20Dubai%20Team!%20%F0%9F%91%8B%20We%20help%20luxury%20brands%20%26%20real%20estate%20developers%20in%20Dubai%20acquire%20high-net-worth%20buyers%20through%20hyper-targeted%20performance%20funnels%20(verified%204.8x%20ROAS).%20Are%20you%20looking%20to%20scale%20buyer%20acquisition%20this%20month%3F","High-Net-Worth Buyer Acquisition Funnel for Meydan Group LLC Dubai (Dubai)","Hi Meydan Group LLC Dubai Team! 👋 We help luxury brands & real estate developers in Dubai acquire high-net-worth buyers through hyper-targeted performance funnels (verified 4.8x ROAS). Are you looking to scale buyer acquisition this month?"
"APX-0229","Elysian Real Estate Dubai","Luxury Developer Dubai","Dubai","UAE","+971 4 388 8588","info@elysian.com","94","Ready for Outreach","https://wa.me/97143888588?text=Hi%20Elysian%20Real%20Estate%20Dubai%20Team!%20%F0%9F%91%8B%20We%20help%20luxury%20brands%20%26%20real%20estate%20developers%20in%20Dubai%20acquire%20high-net-worth%20buyers%20through%20hyper-targeted%20performance%20funnels%20(verified%204.8x%20ROAS).%20Are%20you%20looking%20to%20scale%20buyer%20acquisition%20this%20month%3F","High-Net-Worth Buyer Acquisition Funnel for Elysian Real Estate Dubai (Dubai)","Hi Elysian Real Estate Dubai Team! 👋 We help luxury brands & real estate developers in Dubai acquire high-net-worth buyers through hyper-targeted performance funnels (verified 4.8x ROAS). Are you looking to scale buyer acquisition this month?"
"APX-0230","D&B Properties Dubai","Luxury Developer Dubai","Dubai","UAE","+971 4 871 9200","inquiry@dandbdubai.com","95","Ready for Outreach","https://wa.me/97148719200?text=Hi%20D%26B%20Properties%20Dubai%20Team!%20%F0%9F%91%8B%20We%20help%20luxury%20brands%20%26%20real%20estate%20developers%20in%20Dubai%20acquire%20high-net-worth%20buyers%20through%20hyper-targeted%20performance%20funnels%20(verified%204.8x%20ROAS).%20Are%20you%20looking%20to%20scale%20buyer%20acquisition%20this%20month%3F","High-Net-Worth Buyer Acquisition Funnel for D&B Properties Dubai (Dubai)","Hi D&B Properties Dubai Team! 👋 We help luxury brands & real estate developers in Dubai acquire high-net-worth buyers through hyper-targeted performance funnels (verified 4.8x ROAS). Are you looking to scale buyer acquisition this month?"
"APX-0231","FAM Properties Dubai","Luxury Developer Dubai","Dubai","UAE","+971 4 369 1700","info@famproperties.com","96","Ready for Outreach","https://wa.me/97143691700?text=Hi%20FAM%20Properties%20Dubai%20Team!%20%F0%9F%91%8B%20We%20help%20luxury%20brands%20%26%20real%20estate%20developers%20in%20Dubai%20acquire%20high-net-worth%20buyers%20through%20hyper-targeted%20performance%20funnels%20(verified%204.8x%20ROAS).%20Are%20you%20looking%20to%20scale%20buyer%20acquisition%20this%20month%3F","High-Net-Worth Buyer Acquisition Funnel for FAM Properties Dubai (Dubai)","Hi FAM Properties Dubai Team! 👋 We help luxury brands & real estate developers in Dubai acquire high-net-worth buyers through hyper-targeted performance funnels (verified 4.8x ROAS). Are you looking to scale buyer acquisition this month?"
"APX-0232","InterContinental Riyadh","Luxury Hospitality KSA","Riyadh","Saudi Arabia","+966 11 465 5000","intercontinental.riyadh@ihg.com","97","Ready for Outreach","https://wa.me/966114655000?text=Marhaba%20InterContinental%20Riyadh%20Team!%20%F0%9F%91%8B%20I%20am%20Ismail%20Kazia%20from%20GALICON.%20We%20produce%20Vision%202030%20corporate%20conclaves%2C%20mega%20summits%20%26%20VIP%20staging%20across%20Riyadh%20%26%20Jeddah%20with%20Arabic%2FEnglish%20interpretation%20%26%20local%20ANB%20Bank%20invoicing.%20Can%20we%20share%20our%202026%20lookbook%3F","Saudi Vision 2030 Executive Conclave & Staging Partnership — InterContinental Riyadh (Riyadh / Jeddah)","Marhaba InterContinental Riyadh Team! 👋 I am Ismail Kazia from GALICON. We produce Vision 2030 corporate conclaves, mega summits & VIP staging across Riyadh & Jeddah with Arabic/English interpretation & local ANB Bank invoicing. Can we share our 2026 lookbook?"
"APX-0233","Hilton Riyadh Hotel & Residences","Luxury Hospitality KSA","Riyadh","Saudi Arabia","+966 11 234 6666","events.riyadh@hilton.com","97","Ready for Outreach","https://wa.me/966112346666?text=Marhaba%20Hilton%20Riyadh%20Hotel%20%26%20Residences%20Team!%20%F0%9F%91%8B%20I%20am%20Ismail%20Kazia%20from%20GALICON.%20We%20produce%20Vision%202030%20corporate%20conclaves%2C%20mega%20summits%20%26%20VIP%20staging%20across%20Riyadh%20%26%20Jeddah%20with%20Arabic%2FEnglish%20interpretation%20%26%20local%20ANB%20Bank%20invoicing.%20Can%20we%20share%20our%202026%20lookbook%3F","Saudi Vision 2030 Executive Conclave & Staging Partnership — Hilton Riyadh Hotel & Residences (Riyadh / Jeddah)","Marhaba Hilton Riyadh Hotel & Residences Team! 👋 I am Ismail Kazia from GALICON. We produce Vision 2030 corporate conclaves, mega summits & VIP staging across Riyadh & Jeddah with Arabic/English interpretation & local ANB Bank invoicing. Can we share our 2026 lookbook?"
"APX-0234","Kaya Skin Clinic Riyadh","Private Clinic KSA","Riyadh","Saudi Arabia","+966 11 201 1100","care@kayaskinclinic.com","93","Ready for Outreach","https://wa.me/966112011100?text=Marhaba%20Kaya%20Skin%20Clinic%20Riyadh%20Team!%20%F0%9F%91%8B%20I%20am%20Ismail%20Kazia%20from%20GALICON.%20We%20produce%20Vision%202030%20corporate%20conclaves%2C%20mega%20summits%20%26%20VIP%20staging%20across%20Riyadh%20%26%20Jeddah%20with%20Arabic%2FEnglish%20interpretation%20%26%20local%20ANB%20Bank%20invoicing.%20Can%20we%20share%20our%202026%20lookbook%3F","Saudi Vision 2030 Executive Conclave & Staging Partnership — Kaya Skin Clinic Riyadh (Riyadh / Jeddah)","Marhaba Kaya Skin Clinic Riyadh Team! 👋 I am Ismail Kazia from GALICON. We produce Vision 2030 corporate conclaves, mega summits & VIP staging across Riyadh & Jeddah with Arabic/English interpretation & local ANB Bank invoicing. Can we share our 2026 lookbook?"
"APX-0235","Derma Clinic Riyadh","Private Clinic KSA","Riyadh","Saudi Arabia","+966 11 465 0000","info@dermaclinic.biz","94","Ready for Outreach","https://wa.me/966114650000?text=Marhaba%20Derma%20Clinic%20Riyadh%20Team!%20%F0%9F%91%8B%20I%20am%20Ismail%20Kazia%20from%20GALICON.%20We%20produce%20Vision%202030%20corporate%20conclaves%2C%20mega%20summits%20%26%20VIP%20staging%20across%20Riyadh%20%26%20Jeddah%20with%20Arabic%2FEnglish%20interpretation%20%26%20local%20ANB%20Bank%20invoicing.%20Can%20we%20share%20our%202026%20lookbook%3F","Saudi Vision 2030 Executive Conclave & Staging Partnership — Derma Clinic Riyadh (Riyadh / Jeddah)","Marhaba Derma Clinic Riyadh Team! 👋 I am Ismail Kazia from GALICON. We produce Vision 2030 corporate conclaves, mega summits & VIP staging across Riyadh & Jeddah with Arabic/English interpretation & local ANB Bank invoicing. Can we share our 2026 lookbook?"
"APX-0236","Al Khozama Management Company","Food & Restaurant Group KSA","Riyadh","Saudi Arabia","+966 11 465 4650","info@alkhozama.com","96","Ready for Outreach","https://wa.me/966114654650?text=Marhaba%20Al%20Khozama%20Management%20Company%20Team!%20%F0%9F%91%8B%20I%20am%20Ismail%20Kazia%20from%20GALICON.%20We%20produce%20Vision%202030%20corporate%20conclaves%2C%20mega%20summits%20%26%20VIP%20staging%20across%20Riyadh%20%26%20Jeddah%20with%20Arabic%2FEnglish%20interpretation%20%26%20local%20ANB%20Bank%20invoicing.%20Can%20we%20share%20our%202026%20lookbook%3F","Saudi Vision 2030 Executive Conclave & Staging Partnership — Al Khozama Management Company (Riyadh / Jeddah)","Marhaba Al Khozama Management Company Team! 👋 I am Ismail Kazia from GALICON. We produce Vision 2030 corporate conclaves, mega summits & VIP staging across Riyadh & Jeddah with Arabic/English interpretation & local ANB Bank invoicing. Can we share our 2026 lookbook?"
"APX-0237","L'azurde Jewelry Saudi Arabia","Jewelry & Luxury Retail","Riyadh","Saudi Arabia","+966 11 265 1111","info@lazurde.com","95","Ready for Outreach","https://wa.me/966112651111?text=Marhaba%20L'azurde%20Jewelry%20Saudi%20Arabia%20Team!%20%F0%9F%91%8B%20I%20am%20Ismail%20Kazia%20from%20GALICON.%20We%20produce%20Vision%202030%20corporate%20conclaves%2C%20mega%20summits%20%26%20VIP%20staging%20across%20Riyadh%20%26%20Jeddah%20with%20Arabic%2FEnglish%20interpretation%20%26%20local%20ANB%20Bank%20invoicing.%20Can%20we%20share%20our%202026%20lookbook%3F","Saudi Vision 2030 Executive Conclave & Staging Partnership — L'azurde Jewelry Saudi Arabia (Riyadh / Jeddah)","Marhaba L'azurde Jewelry Saudi Arabia Team! 👋 I am Ismail Kazia from GALICON. We produce Vision 2030 corporate conclaves, mega summits & VIP staging across Riyadh & Jeddah with Arabic/English interpretation & local ANB Bank invoicing. Can we share our 2026 lookbook?"
"APX-0238","Intel India Bangalore Campus","Tech Enterprise","Bangalore","India","+91 80 2507 5000","events.india@intel.com","99","Ready for Outreach","https://wa.me/918025075000?text=Hi%20Intel%20India%20Bangalore%20Campus%20Leadership!%20%F0%9F%91%8B%20I%20am%20Ismail%20Kazia%2C%20Founder%20of%20GALICON.%20We%20deliver%20turnkey%20corporate%20event%20production%20across%20Bangalore%20(The%20Leela%20Palace%2C%20ITC%20Gardenia%2C%20BIEC)%20with%20curved%204K%20LED%20staging%2C%20concert%20sound%20%26%20VIP%20protocol.%20Planning%20any%20tech%20summit%20or%20team%20conclave%20this%20quarter%3F%20Let's%20connect!","Exclusive Corporate Summit & Staging Production for Intel India Bangalore Campus (Bangalore)","Hi Intel India Bangalore Campus Leadership! 👋 I am Ismail Kazia, Founder of GALICON. We deliver turnkey corporate event production across Bangalore (The Leela Palace, ITC Gardenia, BIEC) with curved 4K LED staging, concert sound & VIP protocol. Planning any tech summit or team conclave this quarter? Let's connect!"
"APX-0239","Adobe Systems India Bangalore","Tech Enterprise","Bangalore","India","+91 80 6755 0000","adobe_events@adobe.com","98","Ready for Outreach","https://wa.me/918067550000?text=Hi%20Adobe%20Systems%20India%20Bangalore%20Leadership!%20%F0%9F%91%8B%20I%20am%20Ismail%20Kazia%2C%20Founder%20of%20GALICON.%20We%20deliver%20turnkey%20corporate%20event%20production%20across%20Bangalore%20(The%20Leela%20Palace%2C%20ITC%20Gardenia%2C%20BIEC)%20with%20curved%204K%20LED%20staging%2C%20concert%20sound%20%26%20VIP%20protocol.%20Planning%20any%20tech%20summit%20or%20team%20conclave%20this%20quarter%3F%20Let's%20connect!","Exclusive Corporate Summit & Staging Production for Adobe Systems India Bangalore (Bangalore)","Hi Adobe Systems India Bangalore Leadership! 👋 I am Ismail Kazia, Founder of GALICON. We deliver turnkey corporate event production across Bangalore (The Leela Palace, ITC Gardenia, BIEC) with curved 4K LED staging, concert sound & VIP protocol. Planning any tech summit or team conclave this quarter? Let's connect!"
"APX-0240","VMware Software India Bangalore","Tech Enterprise","Bangalore","India","+91 80 4044 0000","vmware_events@vmware.com","97","Ready for Outreach","https://wa.me/918040440000?text=Hi%20VMware%20Software%20India%20Bangalore%20Leadership!%20%F0%9F%91%8B%20I%20am%20Ismail%20Kazia%2C%20Founder%20of%20GALICON.%20We%20deliver%20turnkey%20corporate%20event%20production%20across%20Bangalore%20(The%20Leela%20Palace%2C%20ITC%20Gardenia%2C%20BIEC)%20with%20curved%204K%20LED%20staging%2C%20concert%20sound%20%26%20VIP%20protocol.%20Planning%20any%20tech%20summit%20or%20team%20conclave%20this%20quarter%3F%20Let's%20connect!","Exclusive Corporate Summit & Staging Production for VMware Software India Bangalore (Bangalore)","Hi VMware Software India Bangalore Leadership! 👋 I am Ismail Kazia, Founder of GALICON. We deliver turnkey corporate event production across Bangalore (The Leela Palace, ITC Gardenia, BIEC) with curved 4K LED staging, concert sound & VIP protocol. Planning any tech summit or team conclave this quarter? Let's connect!"
"APX-0241","Dell EMC Bangalore Centre","Tech Enterprise","Bangalore","India","+91 80 6695 0000","india_events@dell.com","97","Ready for Outreach","https://wa.me/918066950000?text=Hi%20Dell%20EMC%20Bangalore%20Centre%20Leadership!%20%F0%9F%91%8B%20I%20am%20Ismail%20Kazia%2C%20Founder%20of%20GALICON.%20We%20deliver%20turnkey%20corporate%20event%20production%20across%20Bangalore%20(The%20Leela%20Palace%2C%20ITC%20Gardenia%2C%20BIEC)%20with%20curved%204K%20LED%20staging%2C%20concert%20sound%20%26%20VIP%20protocol.%20Planning%20any%20tech%20summit%20or%20team%20conclave%20this%20quarter%3F%20Let's%20connect!","Exclusive Corporate Summit & Staging Production for Dell EMC Bangalore Centre (Bangalore)","Hi Dell EMC Bangalore Centre Leadership! 👋 I am Ismail Kazia, Founder of GALICON. We deliver turnkey corporate event production across Bangalore (The Leela Palace, ITC Gardenia, BIEC) with curved 4K LED staging, concert sound & VIP protocol. Planning any tech summit or team conclave this quarter? Let's connect!"
"APX-0242","Target India Corporate Bangalore","Tech Enterprise","Bangalore","India","+91 80 4135 7000","events.india@target.com","96","Ready for Outreach","https://wa.me/918041357000?text=Hi%20Target%20India%20Corporate%20Bangalore%20Leadership!%20%F0%9F%91%8B%20I%20am%20Ismail%20Kazia%2C%20Founder%20of%20GALICON.%20We%20deliver%20turnkey%20corporate%20event%20production%20across%20Bangalore%20(The%20Leela%20Palace%2C%20ITC%20Gardenia%2C%20BIEC)%20with%20curved%204K%20LED%20staging%2C%20concert%20sound%20%26%20VIP%20protocol.%20Planning%20any%20tech%20summit%20or%20team%20conclave%20this%20quarter%3F%20Let's%20connect!","Exclusive Corporate Summit & Staging Production for Target India Corporate Bangalore (Bangalore)","Hi Target India Corporate Bangalore Leadership! 👋 I am Ismail Kazia, Founder of GALICON. We deliver turnkey corporate event production across Bangalore (The Leela Palace, ITC Gardenia, BIEC) with curved 4K LED staging, concert sound & VIP protocol. Planning any tech summit or team conclave this quarter? Let's connect!"
"APX-0243","KreditBee (Finnovation Tech)","Fintech Unicorn","Bangalore","India","+91 80 4429 2200","partnerships@kreditbee.in","94","Ready for Outreach","https://wa.me/918044292200?text=Hi%20KreditBee%20(Finnovation%20Tech)%20Leadership!%20%F0%9F%91%8B%20I%20am%20Ismail%20Kazia%2C%20Founder%20of%20GALICON.%20We%20deliver%20turnkey%20corporate%20event%20production%20across%20Bangalore%20(The%20Leela%20Palace%2C%20ITC%20Gardenia%2C%20BIEC)%20with%20curved%204K%20LED%20staging%2C%20concert%20sound%20%26%20VIP%20protocol.%20Planning%20any%20tech%20summit%20or%20team%20conclave%20this%20quarter%3F%20Let's%20connect!","Exclusive Corporate Summit & Staging Production for KreditBee (Finnovation Tech) (Bangalore)","Hi KreditBee (Finnovation Tech) Leadership! 👋 I am Ismail Kazia, Founder of GALICON. We deliver turnkey corporate event production across Bangalore (The Leela Palace, ITC Gardenia, BIEC) with curved 4K LED staging, concert sound & VIP protocol. Planning any tech summit or team conclave this quarter? Let's connect!"
"APX-0244","Open Financial Technologies (Neobank)","Fintech Unicorn","Bangalore","India","+91 80 4718 9000","partnerships@open.money","95","Ready for Outreach","https://wa.me/918047189000?text=Hi%20Open%20Financial%20Technologies%20(Neobank)%20Leadership!%20%F0%9F%91%8B%20I%20am%20Ismail%20Kazia%2C%20Founder%20of%20GALICON.%20We%20deliver%20turnkey%20corporate%20event%20production%20across%20Bangalore%20(The%20Leela%20Palace%2C%20ITC%20Gardenia%2C%20BIEC)%20with%20curved%204K%20LED%20staging%2C%20concert%20sound%20%26%20VIP%20protocol.%20Planning%20any%20tech%20summit%20or%20team%20conclave%20this%20quarter%3F%20Let's%20connect!","Exclusive Corporate Summit & Staging Production for Open Financial Technologies (Neobank) (Bangalore)","Hi Open Financial Technologies (Neobank) Leadership! 👋 I am Ismail Kazia, Founder of GALICON. We deliver turnkey corporate event production across Bangalore (The Leela Palace, ITC Gardenia, BIEC) with curved 4K LED staging, concert sound & VIP protocol. Planning any tech summit or team conclave this quarter? Let's connect!"
"APX-0245","Yellow.ai (Enterprise Conversational AI)","DeepTech AI","Bangalore","India","+91 80 4718 8000","events@yellow.ai","96","Ready for Outreach","https://wa.me/918047188000?text=Hi%20Yellow.ai%20(Enterprise%20Conversational%20AI)%20Leadership!%20%F0%9F%91%8B%20I%20am%20Ismail%20Kazia%2C%20Founder%20of%20GALICON.%20We%20deliver%20turnkey%20corporate%20event%20production%20across%20Bangalore%20(The%20Leela%20Palace%2C%20ITC%20Gardenia%2C%20BIEC)%20with%20curved%204K%20LED%20staging%2C%20concert%20sound%20%26%20VIP%20protocol.%20Planning%20any%20tech%20summit%20or%20team%20conclave%20this%20quarter%3F%20Let's%20connect!","Exclusive Corporate Summit & Staging Production for Yellow.ai (Enterprise Conversational AI) (Bangalore)","Hi Yellow.ai (Enterprise Conversational AI) Leadership! 👋 I am Ismail Kazia, Founder of GALICON. We deliver turnkey corporate event production across Bangalore (The Leela Palace, ITC Gardenia, BIEC) with curved 4K LED staging, concert sound & VIP protocol. Planning any tech summit or team conclave this quarter? Let's connect!"
"APX-0246","Gupshup Technology India Bangalore","DeepTech AI","Bangalore","India","+91 22 4202 0202","marketing@gupshup.io","95","Ready for Outreach","https://wa.me/912242020202?text=Hi%20Gupshup%20Technology%20India%20Bangalore%20Leadership!%20%F0%9F%91%8B%20I%20am%20Ismail%20Kazia%2C%20Founder%20of%20GALICON.%20We%20deliver%20turnkey%20corporate%20event%20production%20across%20Bangalore%20(The%20Leela%20Palace%2C%20ITC%20Gardenia%2C%20BIEC)%20with%20curved%204K%20LED%20staging%2C%20concert%20sound%20%26%20VIP%20protocol.%20Planning%20any%20tech%20summit%20or%20team%20conclave%20this%20quarter%3F%20Let's%20connect!","Exclusive Corporate Summit & Staging Production for Gupshup Technology India Bangalore (Bangalore)","Hi Gupshup Technology India Bangalore Leadership! 👋 I am Ismail Kazia, Founder of GALICON. We deliver turnkey corporate event production across Bangalore (The Leela Palace, ITC Gardenia, BIEC) with curved 4K LED staging, concert sound & VIP protocol. Planning any tech summit or team conclave this quarter? Let's connect!"
"APX-0247","BharatPe Bangalore Tech Hub","Fintech Unicorn","Bangalore","India","+91 88 0000 0000","events@bharatpe.com","94","Ready for Outreach","https://wa.me/918800000000?text=Hi%20BharatPe%20Bangalore%20Tech%20Hub%20Leadership!%20%F0%9F%91%8B%20I%20am%20Ismail%20Kazia%2C%20Founder%20of%20GALICON.%20We%20deliver%20turnkey%20corporate%20event%20production%20across%20Bangalore%20(The%20Leela%20Palace%2C%20ITC%20Gardenia%2C%20BIEC)%20with%20curved%204K%20LED%20staging%2C%20concert%20sound%20%26%20VIP%20protocol.%20Planning%20any%20tech%20summit%20or%20team%20conclave%20this%20quarter%3F%20Let's%20connect!","Exclusive Corporate Summit & Staging Production for BharatPe Bangalore Tech Hub (Bangalore)","Hi BharatPe Bangalore Tech Hub Leadership! 👋 I am Ismail Kazia, Founder of GALICON. We deliver turnkey corporate event production across Bangalore (The Leela Palace, ITC Gardenia, BIEC) with curved 4K LED staging, concert sound & VIP protocol. Planning any tech summit or team conclave this quarter? Let's connect!"
"APX-0248","Bangalore Turf Club (Race Course)","Luxury Event Partner","Bangalore","India","+91 80 2226 2386","events@bangaloreraces.com","97","Ready for Outreach","https://wa.me/918022262386?text=Hi%20Bangalore%20Turf%20Club%20(Race%20Course)%20Leadership!%20%F0%9F%91%8B%20I%20am%20Ismail%20Kazia%2C%20Founder%20of%20GALICON.%20We%20deliver%20turnkey%20corporate%20event%20production%20across%20Bangalore%20(The%20Leela%20Palace%2C%20ITC%20Gardenia%2C%20BIEC)%20with%20curved%204K%20LED%20staging%2C%20concert%20sound%20%26%20VIP%20protocol.%20Planning%20any%20tech%20summit%20or%20team%20conclave%20this%20quarter%3F%20Let's%20connect!","Exclusive Corporate Summit & Staging Production for Bangalore Turf Club (Race Course) (Bangalore)","Hi Bangalore Turf Club (Race Course) Leadership! 👋 I am Ismail Kazia, Founder of GALICON. We deliver turnkey corporate event production across Bangalore (The Leela Palace, ITC Gardenia, BIEC) with curved 4K LED staging, concert sound & VIP protocol. Planning any tech summit or team conclave this quarter? Let's connect!"
"APX-0249","Palace Grounds (Tripuravasini Banquet)","Luxury Event Partner","Bangalore","India","+91 80 2361 0000","events@palacegrounds.in","98","Ready for Outreach","https://wa.me/918023610000?text=Hi%20Palace%20Grounds%20(Tripuravasini%20Banquet)%20Leadership!%20%F0%9F%91%8B%20I%20am%20Ismail%20Kazia%2C%20Founder%20of%20GALICON.%20We%20deliver%20turnkey%20corporate%20event%20production%20across%20Bangalore%20(The%20Leela%20Palace%2C%20ITC%20Gardenia%2C%20BIEC)%20with%20curved%204K%20LED%20staging%2C%20concert%20sound%20%26%20VIP%20protocol.%20Planning%20any%20tech%20summit%20or%20team%20conclave%20this%20quarter%3F%20Let's%20connect!","Exclusive Corporate Summit & Staging Production for Palace Grounds (Tripuravasini Banquet) (Bangalore)","Hi Palace Grounds (Tripuravasini Banquet) Leadership! 👋 I am Ismail Kazia, Founder of GALICON. We deliver turnkey corporate event production across Bangalore (The Leela Palace, ITC Gardenia, BIEC) with curved 4K LED staging, concert sound & VIP protocol. Planning any tech summit or team conclave this quarter? Let's connect!"
"APX-0250","Clarks Exotica Convention Resort & Spa","Luxury Event Partner","Bangalore","India","+91 80 7177 7000","events@clarksexotica.com","98","Ready for Outreach","https://wa.me/918071777000?text=Hi%20Clarks%20Exotica%20Convention%20Resort%20%26%20Spa%20Leadership!%20%F0%9F%91%8B%20I%20am%20Ismail%20Kazia%2C%20Founder%20of%20GALICON.%20We%20deliver%20turnkey%20corporate%20event%20production%20across%20Bangalore%20(The%20Leela%20Palace%2C%20ITC%20Gardenia%2C%20BIEC)%20with%20curved%204K%20LED%20staging%2C%20concert%20sound%20%26%20VIP%20protocol.%20Planning%20any%20tech%20summit%20or%20team%20conclave%20this%20quarter%3F%20Let's%20connect!","Exclusive Corporate Summit & Staging Production for Clarks Exotica Convention Resort & Spa (Bangalore)","Hi Clarks Exotica Convention Resort & Spa Leadership! 👋 I am Ismail Kazia, Founder of GALICON. We deliver turnkey corporate event production across Bangalore (The Leela Palace, ITC Gardenia, BIEC) with curved 4K LED staging, concert sound & VIP protocol. Planning any tech summit or team conclave this quarter? Let's connect!"
"APX-0251","SAP Labs India Whitefield Campus","Tech Enterprise","Bangalore","India","+91 80 6665 0000","sap_events@sap.com","99","Ready for Outreach","https://wa.me/918066650000?text=Hi%20SAP%20Labs%20India%20Whitefield%20Campus%20Leadership!%20%F0%9F%91%8B%20I%20am%20Ismail%20Kazia%2C%20Founder%20of%20GALICON.%20We%20deliver%20turnkey%20corporate%20event%20production%20across%20Bangalore%20(The%20Leela%20Palace%2C%20ITC%20Gardenia%2C%20BIEC)%20with%20curved%204K%20LED%20staging%2C%20concert%20sound%20%26%20VIP%20protocol.%20Planning%20any%20tech%20summit%20or%20team%20conclave%20this%20quarter%3F%20Let's%20connect!","Exclusive Corporate Summit & Staging Production for SAP Labs India Whitefield Campus (Bangalore)","Hi SAP Labs India Whitefield Campus Leadership! 👋 I am Ismail Kazia, Founder of GALICON. We deliver turnkey corporate event production across Bangalore (The Leela Palace, ITC Gardenia, BIEC) with curved 4K LED staging, concert sound & VIP protocol. Planning any tech summit or team conclave this quarter? Let's connect!"
"APX-0252","Texas Instruments India Bangalore","Tech Enterprise","Bangalore","India","+91 80 2509 9000","ti_events@ti.com","98","Ready for Outreach","https://wa.me/918025099000?text=Hi%20Texas%20Instruments%20India%20Bangalore%20Leadership!%20%F0%9F%91%8B%20I%20am%20Ismail%20Kazia%2C%20Founder%20of%20GALICON.%20We%20deliver%20turnkey%20corporate%20event%20production%20across%20Bangalore%20(The%20Leela%20Palace%2C%20ITC%20Gardenia%2C%20BIEC)%20with%20curved%204K%20LED%20staging%2C%20concert%20sound%20%26%20VIP%20protocol.%20Planning%20any%20tech%20summit%20or%20team%20conclave%20this%20quarter%3F%20Let's%20connect!","Exclusive Corporate Summit & Staging Production for Texas Instruments India Bangalore (Bangalore)","Hi Texas Instruments India Bangalore Leadership! 👋 I am Ismail Kazia, Founder of GALICON. We deliver turnkey corporate event production across Bangalore (The Leela Palace, ITC Gardenia, BIEC) with curved 4K LED staging, concert sound & VIP protocol. Planning any tech summit or team conclave this quarter? Let's connect!"
"APX-0253","Alfanar Group Riyadh","Energy & Infrastructure","Riyadh","Saudi Arabia","+966 11 9200 06111","corporate@alfanar.com","96","Ready for Outreach","https://wa.me/96611920006111?text=Marhaba%20Alfanar%20Group%20Riyadh%20Team!%20%F0%9F%91%8B%20I%20am%20Ismail%20Kazia%20from%20GALICON.%20We%20produce%20Vision%202030%20corporate%20conclaves%2C%20mega%20summits%20%26%20VIP%20staging%20across%20Riyadh%20%26%20Jeddah%20with%20Arabic%2FEnglish%20interpretation%20%26%20local%20ANB%20Bank%20invoicing.%20Can%20we%20share%20our%202026%20lookbook%3F","Saudi Vision 2030 Executive Conclave & Staging Partnership — Alfanar Group Riyadh (Riyadh / Jeddah)","Marhaba Alfanar Group Riyadh Team! 👋 I am Ismail Kazia from GALICON. We produce Vision 2030 corporate conclaves, mega summits & VIP staging across Riyadh & Jeddah with Arabic/English interpretation & local ANB Bank invoicing. Can we share our 2026 lookbook?"
"APX-0254","Naghi Motors (BMW & Rolls-Royce KSA)","Automotive Dealership","Jeddah","Saudi Arabia","+966 12 669 5333","info@naghi.com.sa","98","Ready for Outreach","https://wa.me/966126695333?text=Marhaba%20Naghi%20Motors%20(BMW%20%26%20Rolls-Royce%20KSA)%20Team!%20%F0%9F%91%8B%20I%20am%20Ismail%20Kazia%20from%20GALICON.%20We%20produce%20Vision%202030%20corporate%20conclaves%2C%20mega%20summits%20%26%20VIP%20staging%20across%20Riyadh%20%26%20Jeddah%20with%20Arabic%2FEnglish%20interpretation%20%26%20local%20ANB%20Bank%20invoicing.%20Can%20we%20share%20our%202026%20lookbook%3F","Saudi Vision 2030 Executive Conclave & Staging Partnership — Naghi Motors (BMW & Rolls-Royce KSA) (Riyadh / Jeddah)","Marhaba Naghi Motors (BMW & Rolls-Royce KSA) Team! 👋 I am Ismail Kazia from GALICON. We produce Vision 2030 corporate conclaves, mega summits & VIP staging across Riyadh & Jeddah with Arabic/English interpretation & local ANB Bank invoicing. Can we share our 2026 lookbook?"
"APX-0255","Al Hokair Group (Fawaz Al Hokair)","Retail & Fashion KSA","Riyadh","Saudi Arabia","+966 11 435 0000","info@fawazalhokair.com","95","Ready for Outreach","https://wa.me/966114350000?text=Marhaba%20Al%20Hokair%20Group%20(Fawaz%20Al%20Hokair)%20Team!%20%F0%9F%91%8B%20I%20am%20Ismail%20Kazia%20from%20GALICON.%20We%20produce%20Vision%202030%20corporate%20conclaves%2C%20mega%20summits%20%26%20VIP%20staging%20across%20Riyadh%20%26%20Jeddah%20with%20Arabic%2FEnglish%20interpretation%20%26%20local%20ANB%20Bank%20invoicing.%20Can%20we%20share%20our%202026%20lookbook%3F","Saudi Vision 2030 Executive Conclave & Staging Partnership — Al Hokair Group (Fawaz Al Hokair) (Riyadh / Jeddah)","Marhaba Al Hokair Group (Fawaz Al Hokair) Team! 👋 I am Ismail Kazia from GALICON. We produce Vision 2030 corporate conclaves, mega summits & VIP staging across Riyadh & Jeddah with Arabic/English interpretation & local ANB Bank invoicing. Can we share our 2026 lookbook?"
"APX-0256","Shaza Riyadh Luxury Hotel","Hospitality KSA","Riyadh","Saudi Arabia","+966 11 834 9000","book.riyadh@shazahotels.com","94","Ready for Outreach","https://wa.me/966118349000?text=Marhaba%20Shaza%20Riyadh%20Luxury%20Hotel%20Team!%20%F0%9F%91%8B%20I%20am%20Ismail%20Kazia%20from%20GALICON.%20We%20produce%20Vision%202030%20corporate%20conclaves%2C%20mega%20summits%20%26%20VIP%20staging%20across%20Riyadh%20%26%20Jeddah%20with%20Arabic%2FEnglish%20interpretation%20%26%20local%20ANB%20Bank%20invoicing.%20Can%20we%20share%20our%202026%20lookbook%3F","Saudi Vision 2030 Executive Conclave & Staging Partnership — Shaza Riyadh Luxury Hotel (Riyadh / Jeddah)","Marhaba Shaza Riyadh Luxury Hotel Team! 👋 I am Ismail Kazia from GALICON. We produce Vision 2030 corporate conclaves, mega summits & VIP staging across Riyadh & Jeddah with Arabic/English interpretation & local ANB Bank invoicing. Can we share our 2026 lookbook?"
"APX-0257","Elite Medical Complex Riyadh","Private Clinic KSA","Riyadh","Saudi Arabia","+966 11 461 6777","info@elitemc-sa.com","93","Ready for Outreach","https://wa.me/966114616777?text=Marhaba%20Elite%20Medical%20Complex%20Riyadh%20Team!%20%F0%9F%91%8B%20I%20am%20Ismail%20Kazia%20from%20GALICON.%20We%20produce%20Vision%202030%20corporate%20conclaves%2C%20mega%20summits%20%26%20VIP%20staging%20across%20Riyadh%20%26%20Jeddah%20with%20Arabic%2FEnglish%20interpretation%20%26%20local%20ANB%20Bank%20invoicing.%20Can%20we%20share%20our%202026%20lookbook%3F","Saudi Vision 2030 Executive Conclave & Staging Partnership — Elite Medical Complex Riyadh (Riyadh / Jeddah)","Marhaba Elite Medical Complex Riyadh Team! 👋 I am Ismail Kazia from GALICON. We produce Vision 2030 corporate conclaves, mega summits & VIP staging across Riyadh & Jeddah with Arabic/English interpretation & local ANB Bank invoicing. Can we share our 2026 lookbook?"
"APX-0258","Al Tayer Motors (Ferrari & Maserati Dubai)","Luxury Automotive","Dubai","UAE","+971 4 303 7070","contactus@altayer-motors.com","98","Ready for Outreach","https://wa.me/97143037070?text=Hi%20Al%20Tayer%20Motors%20(Ferrari%20%26%20Maserati%20Dubai)%20Team!%20%F0%9F%91%8B%20We%20help%20luxury%20brands%20%26%20real%20estate%20developers%20in%20Dubai%20acquire%20high-net-worth%20buyers%20through%20hyper-targeted%20performance%20funnels%20(verified%204.8x%20ROAS).%20Are%20you%20looking%20to%20scale%20buyer%20acquisition%20this%20month%3F","High-Net-Worth Buyer Acquisition Funnel for Al Tayer Motors (Ferrari & Maserati Dubai) (Dubai)","Hi Al Tayer Motors (Ferrari & Maserati Dubai) Team! 👋 We help luxury brands & real estate developers in Dubai acquire high-net-worth buyers through hyper-targeted performance funnels (verified 4.8x ROAS). Are you looking to scale buyer acquisition this month?"
"APX-0259","Emirates NBD Private Banking DIFC","Private Banking DIFC","Dubai","UAE","+971 4 383 8000","privatebanking@emiratesnbd.com","99","Ready for Outreach","https://wa.me/97143838000?text=Hi%20Emirates%20NBD%20Private%20Banking%20DIFC%20Team!%20%F0%9F%91%8B%20We%20help%20luxury%20brands%20%26%20real%20estate%20developers%20in%20Dubai%20acquire%20high-net-worth%20buyers%20through%20hyper-targeted%20performance%20funnels%20(verified%204.8x%20ROAS).%20Are%20you%20looking%20to%20scale%20buyer%20acquisition%20this%20month%3F","High-Net-Worth Buyer Acquisition Funnel for Emirates NBD Private Banking DIFC (Dubai)","Hi Emirates NBD Private Banking DIFC Team! 👋 We help luxury brands & real estate developers in Dubai acquire high-net-worth buyers through hyper-targeted performance funnels (verified 4.8x ROAS). Are you looking to scale buyer acquisition this month?"
"APX-0260","Armani Hotel Dubai (Burj Khalifa)","Hospitality Dubai","Dubai","UAE","+971 4 888 3888","dubai@armanihotels.com","99","Ready for Outreach","https://wa.me/97148883888?text=Hi%20Armani%20Hotel%20Dubai%20(Burj%20Khalifa)%20Team!%20%F0%9F%91%8B%20We%20help%20luxury%20brands%20%26%20real%20estate%20developers%20in%20Dubai%20acquire%20high-net-worth%20buyers%20through%20hyper-targeted%20performance%20funnels%20(verified%204.8x%20ROAS).%20Are%20you%20looking%20to%20scale%20buyer%20acquisition%20this%20month%3F","High-Net-Worth Buyer Acquisition Funnel for Armani Hotel Dubai (Burj Khalifa) (Dubai)","Hi Armani Hotel Dubai (Burj Khalifa) Team! 👋 We help luxury brands & real estate developers in Dubai acquire high-net-worth buyers through hyper-targeted performance funnels (verified 4.8x ROAS). Are you looking to scale buyer acquisition this month?"
"APX-0261","Gulf Craft Luxury Yachts UAE","Luxury Marine","Dubai","UAE","+971 6 740 6000","gpc@gulfcraftinc.com","96","Ready for Outreach","https://wa.me/97167406000?text=Hi%20Gulf%20Craft%20Luxury%20Yachts%20UAE%20Team!%20%F0%9F%91%8B%20We%20help%20luxury%20brands%20%26%20real%20estate%20developers%20in%20Dubai%20acquire%20high-net-worth%20buyers%20through%20hyper-targeted%20performance%20funnels%20(verified%204.8x%20ROAS).%20Are%20you%20looking%20to%20scale%20buyer%20acquisition%20this%20month%3F","High-Net-Worth Buyer Acquisition Funnel for Gulf Craft Luxury Yachts UAE (Dubai)","Hi Gulf Craft Luxury Yachts UAE Team! 👋 We help luxury brands & real estate developers in Dubai acquire high-net-worth buyers through hyper-targeted performance funnels (verified 4.8x ROAS). Are you looking to scale buyer acquisition this month?"
"APX-0262","Capgemini Technology India Bangalore","Tech Enterprise","Bangalore","India","+91 80 6656 7000","events.india@capgemini.com","97","Ready for Outreach","https://wa.me/918066567000?text=Hi%20Capgemini%20Technology%20India%20Bangalore%20Leadership!%20%F0%9F%91%8B%20I%20am%20Ismail%20Kazia%2C%20Founder%20of%20GALICON.%20We%20deliver%20turnkey%20corporate%20event%20production%20across%20Bangalore%20(The%20Leela%20Palace%2C%20ITC%20Gardenia%2C%20BIEC)%20with%20curved%204K%20LED%20staging%2C%20concert%20sound%20%26%20VIP%20protocol.%20Planning%20any%20tech%20summit%20or%20team%20conclave%20this%20quarter%3F%20Let's%20connect!","Exclusive Corporate Summit & Staging Production for Capgemini Technology India Bangalore (Bangalore)","Hi Capgemini Technology India Bangalore Leadership! 👋 I am Ismail Kazia, Founder of GALICON. We deliver turnkey corporate event production across Bangalore (The Leela Palace, ITC Gardenia, BIEC) with curved 4K LED staging, concert sound & VIP protocol. Planning any tech summit or team conclave this quarter? Let's connect!"
"APX-0263","Paytm Bangalore Corporate Hub","Fintech Unicorn","Bangalore","India","+91 80 4719 0000","events@paytm.com","96","Ready for Outreach","https://wa.me/918047190000?text=Hi%20Paytm%20Bangalore%20Corporate%20Hub%20Leadership!%20%F0%9F%91%8B%20I%20am%20Ismail%20Kazia%2C%20Founder%20of%20GALICON.%20We%20deliver%20turnkey%20corporate%20event%20production%20across%20Bangalore%20(The%20Leela%20Palace%2C%20ITC%20Gardenia%2C%20BIEC)%20with%20curved%204K%20LED%20staging%2C%20concert%20sound%20%26%20VIP%20protocol.%20Planning%20any%20tech%20summit%20or%20team%20conclave%20this%20quarter%3F%20Let's%20connect!","Exclusive Corporate Summit & Staging Production for Paytm Bangalore Corporate Hub (Bangalore)","Hi Paytm Bangalore Corporate Hub Leadership! 👋 I am Ismail Kazia, Founder of GALICON. We deliver turnkey corporate event production across Bangalore (The Leela Palace, ITC Gardenia, BIEC) with curved 4K LED staging, concert sound & VIP protocol. Planning any tech summit or team conclave this quarter? Let's connect!"
"APX-0264","Vedantu Innovations Pvt Ltd","Edtech Unicorn","Bangalore","India","+91 80 4718 5000","marketing@vedantu.com","94","Ready for Outreach","https://wa.me/918047185000?text=Hi%20Vedantu%20Innovations%20Pvt%20Ltd%20Leadership!%20%F0%9F%91%8B%20I%20am%20Ismail%20Kazia%2C%20Founder%20of%20GALICON.%20We%20deliver%20turnkey%20corporate%20event%20production%20across%20Bangalore%20(The%20Leela%20Palace%2C%20ITC%20Gardenia%2C%20BIEC)%20with%20curved%204K%20LED%20staging%2C%20concert%20sound%20%26%20VIP%20protocol.%20Planning%20any%20tech%20summit%20or%20team%20conclave%20this%20quarter%3F%20Let's%20connect!","Exclusive Corporate Summit & Staging Production for Vedantu Innovations Pvt Ltd (Bangalore)","Hi Vedantu Innovations Pvt Ltd Leadership! 👋 I am Ismail Kazia, Founder of GALICON. We deliver turnkey corporate event production across Bangalore (The Leela Palace, ITC Gardenia, BIEC) with curved 4K LED staging, concert sound & VIP protocol. Planning any tech summit or team conclave this quarter? Let's connect!"
"APX-0265","Nazara Technologies Bangalore","Gaming Tech","Bangalore","India","+91 22 4033 0800","events@nazara.com","94","Ready for Outreach","https://wa.me/912240330800?text=Hi%20Nazara%20Technologies%20Bangalore%20Leadership!%20%F0%9F%91%8B%20I%20am%20Ismail%20Kazia%2C%20Founder%20of%20GALICON.%20We%20deliver%20turnkey%20corporate%20event%20production%20across%20Bangalore%20(The%20Leela%20Palace%2C%20ITC%20Gardenia%2C%20BIEC)%20with%20curved%204K%20LED%20staging%2C%20concert%20sound%20%26%20VIP%20protocol.%20Planning%20any%20tech%20summit%20or%20team%20conclave%20this%20quarter%3F%20Let's%20connect!","Exclusive Corporate Summit & Staging Production for Nazara Technologies Bangalore (Bangalore)","Hi Nazara Technologies Bangalore Leadership! 👋 I am Ismail Kazia, Founder of GALICON. We deliver turnkey corporate event production across Bangalore (The Leela Palace, ITC Gardenia, BIEC) with curved 4K LED staging, concert sound & VIP protocol. Planning any tech summit or team conclave this quarter? Let's connect!"
"APX-0266","Windsor Manor Convention Bangalore","Luxury Event Venue","Bangalore","India","+91 80 2226 9898","banquets.itcwindsor@itchotels.in","98","Ready for Outreach","https://wa.me/918022269898?text=Hi%20Windsor%20Manor%20Convention%20Bangalore%20Leadership!%20%F0%9F%91%8B%20I%20am%20Ismail%20Kazia%2C%20Founder%20of%20GALICON.%20We%20deliver%20turnkey%20corporate%20event%20production%20across%20Bangalore%20(The%20Leela%20Palace%2C%20ITC%20Gardenia%2C%20BIEC)%20with%20curved%204K%20LED%20staging%2C%20concert%20sound%20%26%20VIP%20protocol.%20Planning%20any%20tech%20summit%20or%20team%20conclave%20this%20quarter%3F%20Let's%20connect!","Exclusive Corporate Summit & Staging Production for Windsor Manor Convention Bangalore (Bangalore)","Hi Windsor Manor Convention Bangalore Leadership! 👋 I am Ismail Kazia, Founder of GALICON. We deliver turnkey corporate event production across Bangalore (The Leela Palace, ITC Gardenia, BIEC) with curved 4K LED staging, concert sound & VIP protocol. Planning any tech summit or team conclave this quarter? Let's connect!"
"APX-0267","Flyadeal Airlines Saudi Arabia","Aviation KSA","Jeddah","Saudi Arabia","+966 12 653 4444","corporate@flyadeal.com","96","Ready for Outreach","https://wa.me/966126534444?text=Marhaba%20Flyadeal%20Airlines%20Saudi%20Arabia%20Team!%20%F0%9F%91%8B%20I%20am%20Ismail%20Kazia%20from%20GALICON.%20We%20produce%20Vision%202030%20corporate%20conclaves%2C%20mega%20summits%20%26%20VIP%20staging%20across%20Riyadh%20%26%20Jeddah%20with%20Arabic%2FEnglish%20interpretation%20%26%20local%20ANB%20Bank%20invoicing.%20Can%20we%20share%20our%202026%20lookbook%3F","Saudi Vision 2030 Executive Conclave & Staging Partnership — Flyadeal Airlines Saudi Arabia (Riyadh / Jeddah)","Marhaba Flyadeal Airlines Saudi Arabia Team! 👋 I am Ismail Kazia from GALICON. We produce Vision 2030 corporate conclaves, mega summits & VIP staging across Riyadh & Jeddah with Arabic/English interpretation & local ANB Bank invoicing. Can we share our 2026 lookbook?"
"APX-0268","Fitaihi Holding Group Jeddah","Luxury Retail KSA","Jeddah","Saudi Arabia","+966 12 660 4000","info@fitaihi.com.sa","94","Ready for Outreach","https://wa.me/966126604000?text=Marhaba%20Fitaihi%20Holding%20Group%20Jeddah%20Team!%20%F0%9F%91%8B%20I%20am%20Ismail%20Kazia%20from%20GALICON.%20We%20produce%20Vision%202030%20corporate%20conclaves%2C%20mega%20summits%20%26%20VIP%20staging%20across%20Riyadh%20%26%20Jeddah%20with%20Arabic%2FEnglish%20interpretation%20%26%20local%20ANB%20Bank%20invoicing.%20Can%20we%20share%20our%202026%20lookbook%3F","Saudi Vision 2030 Executive Conclave & Staging Partnership — Fitaihi Holding Group Jeddah (Riyadh / Jeddah)","Marhaba Fitaihi Holding Group Jeddah Team! 👋 I am Ismail Kazia from GALICON. We produce Vision 2030 corporate conclaves, mega summits & VIP staging across Riyadh & Jeddah with Arabic/English interpretation & local ANB Bank invoicing. Can we share our 2026 lookbook?"
"APX-0269","Ajdan Real Estate Development Al Khobar","Real Estate Developer KSA","Al Khobar","Saudi Arabia","+966 13 898 8888","info@ajdan.com.sa","96","Ready for Outreach","https://wa.me/966138988888?text=Marhaba%20Ajdan%20Real%20Estate%20Development%20Al%20Khobar%20Team!%20%F0%9F%91%8B%20I%20am%20Ismail%20Kazia%20from%20GALICON.%20We%20produce%20Vision%202030%20corporate%20conclaves%2C%20mega%20summits%20%26%20VIP%20staging%20across%20Riyadh%20%26%20Jeddah%20with%20Arabic%2FEnglish%20interpretation%20%26%20local%20ANB%20Bank%20invoicing.%20Can%20we%20share%20our%202026%20lookbook%3F","Saudi Vision 2030 Executive Conclave & Staging Partnership — Ajdan Real Estate Development Al Khobar (Riyadh / Jeddah)","Marhaba Ajdan Real Estate Development Al Khobar Team! 👋 I am Ismail Kazia from GALICON. We produce Vision 2030 corporate conclaves, mega summits & VIP staging across Riyadh & Jeddah with Arabic/English interpretation & local ANB Bank invoicing. Can we share our 2026 lookbook?"
"APX-0270","Atlantis The Royal Palm Jumeirah","Ultra Luxury Hotel","Dubai","UAE","+971 4 426 0000","info@atlantistheroyal.com","99","Ready for Outreach","https://wa.me/97144260000?text=Hi%20Atlantis%20The%20Royal%20Palm%20Jumeirah%20Team!%20%F0%9F%91%8B%20We%20help%20luxury%20brands%20%26%20real%20estate%20developers%20in%20Dubai%20acquire%20high-net-worth%20buyers%20through%20hyper-targeted%20performance%20funnels%20(verified%204.8x%20ROAS).%20Are%20you%20looking%20to%20scale%20buyer%20acquisition%20this%20month%3F","High-Net-Worth Buyer Acquisition Funnel for Atlantis The Royal Palm Jumeirah (Dubai)","Hi Atlantis The Royal Palm Jumeirah Team! 👋 We help luxury brands & real estate developers in Dubai acquire high-net-worth buyers through hyper-targeted performance funnels (verified 4.8x ROAS). Are you looking to scale buyer acquisition this month?"
"APX-0271","FIVE Palm Jumeirah Dubai","Luxury Lifestyle Hotel","Dubai","UAE","+971 4 455 9999","fpjd.marketing@fivehotelsandresorts.com","96","Ready for Outreach","https://wa.me/97144559999?text=Hi%20FIVE%20Palm%20Jumeirah%20Dubai%20Team!%20%F0%9F%91%8B%20We%20help%20luxury%20brands%20%26%20real%20estate%20developers%20in%20Dubai%20acquire%20high-net-worth%20buyers%20through%20hyper-targeted%20performance%20funnels%20(verified%204.8x%20ROAS).%20Are%20you%20looking%20to%20scale%20buyer%20acquisition%20this%20month%3F","High-Net-Worth Buyer Acquisition Funnel for FIVE Palm Jumeirah Dubai (Dubai)","Hi FIVE Palm Jumeirah Dubai Team! 👋 We help luxury brands & real estate developers in Dubai acquire high-net-worth buyers through hyper-targeted performance funnels (verified 4.8x ROAS). Are you looking to scale buyer acquisition this month?"
"APX-0272","CRED (Dreamplug Technologies)","Fintech Unicorn","Bangalore","India","+91 80 6814 1200","events@cred.club","98","Ready for Outreach","https://wa.me/918068141200?text=Hi%20CRED%20(Dreamplug%20Technologies)%20Leadership!%20%F0%9F%91%8B%20I%20am%20Ismail%20Kazia%2C%20Founder%20of%20GALICON.%20We%20deliver%20turnkey%20corporate%20event%20production%20across%20Bangalore%20(The%20Leela%20Palace%2C%20ITC%20Gardenia%2C%20BIEC)%20with%20curved%204K%20LED%20staging%2C%20concert%20sound%20%26%20VIP%20protocol.%20Planning%20any%20tech%20summit%20or%20team%20conclave%20this%20quarter%3F%20Let's%20connect!","Exclusive Corporate Summit & Staging Production for CRED (Dreamplug Technologies) (Bangalore)","Hi CRED (Dreamplug Technologies) Leadership! 👋 I am Ismail Kazia, Founder of GALICON. We deliver turnkey corporate event production across Bangalore (The Leela Palace, ITC Gardenia, BIEC) with curved 4K LED staging, concert sound & VIP protocol. Planning any tech summit or team conclave this quarter? Let's connect!"
"APX-0273","Swiggy (Bundl Technologies Pvt Ltd)","Food Tech Unicorn","Bangalore","India","+91 80 6746 6799","events@swiggy.in","98","Ready for Outreach","https://wa.me/918067466799?text=Hi%20Swiggy%20(Bundl%20Technologies%20Pvt%20Ltd)%20Leadership!%20%F0%9F%91%8B%20I%20am%20Ismail%20Kazia%2C%20Founder%20of%20GALICON.%20We%20deliver%20turnkey%20corporate%20event%20production%20across%20Bangalore%20(The%20Leela%20Palace%2C%20ITC%20Gardenia%2C%20BIEC)%20with%20curved%204K%20LED%20staging%2C%20concert%20sound%20%26%20VIP%20protocol.%20Planning%20any%20tech%20summit%20or%20team%20conclave%20this%20quarter%3F%20Let's%20connect!","Exclusive Corporate Summit & Staging Production for Swiggy (Bundl Technologies Pvt Ltd) (Bangalore)","Hi Swiggy (Bundl Technologies Pvt Ltd) Leadership! 👋 I am Ismail Kazia, Founder of GALICON. We deliver turnkey corporate event production across Bangalore (The Leela Palace, ITC Gardenia, BIEC) with curved 4K LED staging, concert sound & VIP protocol. Planning any tech summit or team conclave this quarter? Let's connect!"
"APX-0274","Zerodha Broking Limited Bangalore","Fintech Broking","Bangalore","India","+91 80 4718 1888","events@zerodha.com","99","Ready for Outreach","https://wa.me/918047181888?text=Hi%20Zerodha%20Broking%20Limited%20Bangalore%20Leadership!%20%F0%9F%91%8B%20I%20am%20Ismail%20Kazia%2C%20Founder%20of%20GALICON.%20We%20deliver%20turnkey%20corporate%20event%20production%20across%20Bangalore%20(The%20Leela%20Palace%2C%20ITC%20Gardenia%2C%20BIEC)%20with%20curved%204K%20LED%20staging%2C%20concert%20sound%20%26%20VIP%20protocol.%20Planning%20any%20tech%20summit%20or%20team%20conclave%20this%20quarter%3F%20Let's%20connect!","Exclusive Corporate Summit & Staging Production for Zerodha Broking Limited Bangalore (Bangalore)","Hi Zerodha Broking Limited Bangalore Leadership! 👋 I am Ismail Kazia, Founder of GALICON. We deliver turnkey corporate event production across Bangalore (The Leela Palace, ITC Gardenia, BIEC) with curved 4K LED staging, concert sound & VIP protocol. Planning any tech summit or team conclave this quarter? Let's connect!"
"APX-0275","King Abdullah Financial District (KAFD DMC)","Vision 2030 Financial District","Riyadh","Saudi Arabia","+966 11 814 0000","events@kafd.sa","99","Ready for Outreach","https://wa.me/966118140000?text=Marhaba%20King%20Abdullah%20Financial%20District%20(KAFD%20DMC)%20Team!%20%F0%9F%91%8B%20I%20am%20Ismail%20Kazia%20from%20GALICON.%20We%20produce%20Vision%202030%20corporate%20conclaves%2C%20mega%20summits%20%26%20VIP%20staging%20across%20Riyadh%20%26%20Jeddah%20with%20Arabic%2FEnglish%20interpretation%20%26%20local%20ANB%20Bank%20invoicing.%20Can%20we%20share%20our%202026%20lookbook%3F","Saudi Vision 2030 Executive Conclave & Staging Partnership — King Abdullah Financial District (KAFD DMC) (Riyadh / Jeddah)","Marhaba King Abdullah Financial District (KAFD DMC) Team! 👋 I am Ismail Kazia from GALICON. We produce Vision 2030 corporate conclaves, mega summits & VIP staging across Riyadh & Jeddah with Arabic/English interpretation & local ANB Bank invoicing. Can we share our 2026 lookbook?"
"APX-0276","King Salman Park Foundation","Vision 2030 Mega Project","Riyadh","Saudi Arabia","+966 11 254 0000","info@kingsalmanpark.sa","98","Ready for Outreach","https://wa.me/966112540000?text=Marhaba%20King%20Salman%20Park%20Foundation%20Team!%20%F0%9F%91%8B%20I%20am%20Ismail%20Kazia%20from%20GALICON.%20We%20produce%20Vision%202030%20corporate%20conclaves%2C%20mega%20summits%20%26%20VIP%20staging%20across%20Riyadh%20%26%20Jeddah%20with%20Arabic%2FEnglish%20interpretation%20%26%20local%20ANB%20Bank%20invoicing.%20Can%20we%20share%20our%202026%20lookbook%3F","Saudi Vision 2030 Executive Conclave & Staging Partnership — King Salman Park Foundation (Riyadh / Jeddah)","Marhaba King Salman Park Foundation Team! 👋 I am Ismail Kazia from GALICON. We produce Vision 2030 corporate conclaves, mega summits & VIP staging across Riyadh & Jeddah with Arabic/English interpretation & local ANB Bank invoicing. Can we share our 2026 lookbook?"
"APX-0277","Boutique Group (PIF Luxury Palaces)","Vision 2030 Hospitality","Riyadh","Saudi Arabia","+966 11 834 5000","partnerships@boutiquegroup.com","99","Ready for Outreach","https://wa.me/966118345000?text=Marhaba%20Boutique%20Group%20(PIF%20Luxury%20Palaces)%20Team!%20%F0%9F%91%8B%20I%20am%20Ismail%20Kazia%20from%20GALICON.%20We%20produce%20Vision%202030%20corporate%20conclaves%2C%20mega%20summits%20%26%20VIP%20staging%20across%20Riyadh%20%26%20Jeddah%20with%20Arabic%2FEnglish%20interpretation%20%26%20local%20ANB%20Bank%20invoicing.%20Can%20we%20share%20our%202026%20lookbook%3F","Saudi Vision 2030 Executive Conclave & Staging Partnership — Boutique Group (PIF Luxury Palaces) (Riyadh / Jeddah)","Marhaba Boutique Group (PIF Luxury Palaces) Team! 👋 I am Ismail Kazia from GALICON. We produce Vision 2030 corporate conclaves, mega summits & VIP staging across Riyadh & Jeddah with Arabic/English interpretation & local ANB Bank invoicing. Can we share our 2026 lookbook?"
"APX-0278","Saudi Entertainment Ventures (SEVEN)","Entertainment Mega Project","Riyadh","Saudi Arabia","+966 11 250 7777","media@seven.sa","98","Ready for Outreach","https://wa.me/966112507777?text=Marhaba%20Saudi%20Entertainment%20Ventures%20(SEVEN)%20Team!%20%F0%9F%91%8B%20I%20am%20Ismail%20Kazia%20from%20GALICON.%20We%20produce%20Vision%202030%20corporate%20conclaves%2C%20mega%20summits%20%26%20VIP%20staging%20across%20Riyadh%20%26%20Jeddah%20with%20Arabic%2FEnglish%20interpretation%20%26%20local%20ANB%20Bank%20invoicing.%20Can%20we%20share%20our%202026%20lookbook%3F","Saudi Vision 2030 Executive Conclave & Staging Partnership — Saudi Entertainment Ventures (SEVEN) (Riyadh / Jeddah)","Marhaba Saudi Entertainment Ventures (SEVEN) Team! 👋 I am Ismail Kazia from GALICON. We produce Vision 2030 corporate conclaves, mega summits & VIP staging across Riyadh & Jeddah with Arabic/English interpretation & local ANB Bank invoicing. Can we share our 2026 lookbook?"
"APX-0279","Aramco Digital Company","Digital Transformation Enterprise","Dhahran","Saudi Arabia","+966 13 872 0115","digital.innovations@aramco.com","99","Ready for Outreach","https://wa.me/966138720115?text=Marhaba%20Aramco%20Digital%20Company%20Team!%20%F0%9F%91%8B%20I%20am%20Ismail%20Kazia%20from%20GALICON.%20We%20produce%20Vision%202030%20corporate%20conclaves%2C%20mega%20summits%20%26%20VIP%20staging%20across%20Riyadh%20%26%20Jeddah%20with%20Arabic%2FEnglish%20interpretation%20%26%20local%20ANB%20Bank%20invoicing.%20Can%20we%20share%20our%202026%20lookbook%3F","Saudi Vision 2030 Executive Conclave & Staging Partnership — Aramco Digital Company (Riyadh / Jeddah)","Marhaba Aramco Digital Company Team! 👋 I am Ismail Kazia from GALICON. We produce Vision 2030 corporate conclaves, mega summits & VIP staging across Riyadh & Jeddah with Arabic/English interpretation & local ANB Bank invoicing. Can we share our 2026 lookbook?"
"APX-0280","SABIC Global Corporate Communications","Chemical Conglomerate HQ","Riyadh","Saudi Arabia","+966 11 225 8000","corporatecomm@sabic.com","98","Ready for Outreach","https://wa.me/966112258000?text=Marhaba%20SABIC%20Global%20Corporate%20Communications%20Team!%20%F0%9F%91%8B%20I%20am%20Ismail%20Kazia%20from%20GALICON.%20We%20produce%20Vision%202030%20corporate%20conclaves%2C%20mega%20summits%20%26%20VIP%20staging%20across%20Riyadh%20%26%20Jeddah%20with%20Arabic%2FEnglish%20interpretation%20%26%20local%20ANB%20Bank%20invoicing.%20Can%20we%20share%20our%202026%20lookbook%3F","Saudi Vision 2030 Executive Conclave & Staging Partnership — SABIC Global Corporate Communications (Riyadh / Jeddah)","Marhaba SABIC Global Corporate Communications Team! 👋 I am Ismail Kazia from GALICON. We produce Vision 2030 corporate conclaves, mega summits & VIP staging across Riyadh & Jeddah with Arabic/English interpretation & local ANB Bank invoicing. Can we share our 2026 lookbook?"
"APX-0281","Bupa Arabia for Cooperative Insurance","Health Insurance Leader","Jeddah","Saudi Arabia","+966 92 000 0456","corporate.sales@bupa.com.sa","97","Ready for Outreach","https://wa.me/966920000456?text=Marhaba%20Bupa%20Arabia%20for%20Cooperative%20Insurance%20Team!%20%F0%9F%91%8B%20I%20am%20Ismail%20Kazia%20from%20GALICON.%20We%20produce%20Vision%202030%20corporate%20conclaves%2C%20mega%20summits%20%26%20VIP%20staging%20across%20Riyadh%20%26%20Jeddah%20with%20Arabic%2FEnglish%20interpretation%20%26%20local%20ANB%20Bank%20invoicing.%20Can%20we%20share%20our%202026%20lookbook%3F","Saudi Vision 2030 Executive Conclave & Staging Partnership — Bupa Arabia for Cooperative Insurance (Riyadh / Jeddah)","Marhaba Bupa Arabia for Cooperative Insurance Team! 👋 I am Ismail Kazia from GALICON. We produce Vision 2030 corporate conclaves, mega summits & VIP staging across Riyadh & Jeddah with Arabic/English interpretation & local ANB Bank invoicing. Can we share our 2026 lookbook?"
"APX-0282","Cruise Saudi (PIF Company)","Vision 2030 Tourism","Jeddah","Saudi Arabia","+966 12 284 8888","events@cruisesaudi.com","98","Ready for Outreach","https://wa.me/966122848888?text=Marhaba%20Cruise%20Saudi%20(PIF%20Company)%20Team!%20%F0%9F%91%8B%20I%20am%20Ismail%20Kazia%20from%20GALICON.%20We%20produce%20Vision%202030%20corporate%20conclaves%2C%20mega%20summits%20%26%20VIP%20staging%20across%20Riyadh%20%26%20Jeddah%20with%20Arabic%2FEnglish%20interpretation%20%26%20local%20ANB%20Bank%20invoicing.%20Can%20we%20share%20our%202026%20lookbook%3F","Saudi Vision 2030 Executive Conclave & Staging Partnership — Cruise Saudi (PIF Company) (Riyadh / Jeddah)","Marhaba Cruise Saudi (PIF Company) Team! 👋 I am Ismail Kazia from GALICON. We produce Vision 2030 corporate conclaves, mega summits & VIP staging across Riyadh & Jeddah with Arabic/English interpretation & local ANB Bank invoicing. Can we share our 2026 lookbook?"
"APX-0283","Rua Al Madinah Holding (PIF)","Holy Cities Urban Regeneration","Madinah","Saudi Arabia","+966 14 813 0000","info@ruaalmadinah.com","97","Ready for Outreach","https://wa.me/966148130000?text=Marhaba%20Rua%20Al%20Madinah%20Holding%20(PIF)%20Team!%20%F0%9F%91%8B%20I%20am%20Ismail%20Kazia%20from%20GALICON.%20We%20produce%20Vision%202030%20corporate%20conclaves%2C%20mega%20summits%20%26%20VIP%20staging%20across%20Riyadh%20%26%20Jeddah%20with%20Arabic%2FEnglish%20interpretation%20%26%20local%20ANB%20Bank%20invoicing.%20Can%20we%20share%20our%202026%20lookbook%3F","Saudi Vision 2030 Executive Conclave & Staging Partnership — Rua Al Madinah Holding (PIF) (Riyadh / Jeddah)","Marhaba Rua Al Madinah Holding (PIF) Team! 👋 I am Ismail Kazia from GALICON. We produce Vision 2030 corporate conclaves, mega summits & VIP staging across Riyadh & Jeddah with Arabic/English interpretation & local ANB Bank invoicing. Can we share our 2026 lookbook?"
"APX-0284","Soudah Development Company (PIF)","Mountain Tourism Destination","Abha","Saudi Arabia","+966 17 238 8888","events@soudah.sa","96","Ready for Outreach","https://wa.me/966172388888?text=Marhaba%20Soudah%20Development%20Company%20(PIF)%20Team!%20%F0%9F%91%8B%20I%20am%20Ismail%20Kazia%20from%20GALICON.%20We%20produce%20Vision%202030%20corporate%20conclaves%2C%20mega%20summits%20%26%20VIP%20staging%20across%20Riyadh%20%26%20Jeddah%20with%20Arabic%2FEnglish%20interpretation%20%26%20local%20ANB%20Bank%20invoicing.%20Can%20we%20share%20our%202026%20lookbook%3F","Saudi Vision 2030 Executive Conclave & Staging Partnership — Soudah Development Company (PIF) (Riyadh / Jeddah)","Marhaba Soudah Development Company (PIF) Team! 👋 I am Ismail Kazia from GALICON. We produce Vision 2030 corporate conclaves, mega summits & VIP staging across Riyadh & Jeddah with Arabic/English interpretation & local ANB Bank invoicing. Can we share our 2026 lookbook?"
"APX-0285","Danube Properties Dubai","Luxury Real Estate Developer","Dubai","UAE","+971 4 399 8333","marketing@danubeproperties.com","97","Ready for Outreach","https://wa.me/97143998333?text=Hi%20Danube%20Properties%20Dubai%20Team!%20%F0%9F%91%8B%20We%20help%20luxury%20brands%20%26%20real%20estate%20developers%20in%20Dubai%20acquire%20high-net-worth%20buyers%20through%20hyper-targeted%20performance%20funnels%20(verified%204.8x%20ROAS).%20Are%20you%20looking%20to%20scale%20buyer%20acquisition%20this%20month%3F","High-Net-Worth Buyer Acquisition Funnel for Danube Properties Dubai (Dubai)","Hi Danube Properties Dubai Team! 👋 We help luxury brands & real estate developers in Dubai acquire high-net-worth buyers through hyper-targeted performance funnels (verified 4.8x ROAS). Are you looking to scale buyer acquisition this month?"
"APX-0286","Azizi Developments Dubai","Luxury Real Estate Developer","Dubai","UAE","+971 4 359 6666","sales@azizidevelopments.com","97","Ready for Outreach","https://wa.me/97143596666?text=Hi%20Azizi%20Developments%20Dubai%20Team!%20%F0%9F%91%8B%20We%20help%20luxury%20brands%20%26%20real%20estate%20developers%20in%20Dubai%20acquire%20high-net-worth%20buyers%20through%20hyper-targeted%20performance%20funnels%20(verified%204.8x%20ROAS).%20Are%20you%20looking%20to%20scale%20buyer%20acquisition%20this%20month%3F","High-Net-Worth Buyer Acquisition Funnel for Azizi Developments Dubai (Dubai)","Hi Azizi Developments Dubai Team! 👋 We help luxury brands & real estate developers in Dubai acquire high-net-worth buyers through hyper-targeted performance funnels (verified 4.8x ROAS). Are you looking to scale buyer acquisition this month?"
"APX-0287","Arada Developments UAE","Master Community Developer","Dubai","UAE","+971 4 607 7000","inquiries@arada.com","98","Ready for Outreach","https://wa.me/97146077000?text=Hi%20Arada%20Developments%20UAE%20Team!%20%F0%9F%91%8B%20We%20help%20luxury%20brands%20%26%20real%20estate%20developers%20in%20Dubai%20acquire%20high-net-worth%20buyers%20through%20hyper-targeted%20performance%20funnels%20(verified%204.8x%20ROAS).%20Are%20you%20looking%20to%20scale%20buyer%20acquisition%20this%20month%3F","High-Net-Worth Buyer Acquisition Funnel for Arada Developments UAE (Dubai)","Hi Arada Developments UAE Team! 👋 We help luxury brands & real estate developers in Dubai acquire high-net-worth buyers through hyper-targeted performance funnels (verified 4.8x ROAS). Are you looking to scale buyer acquisition this month?"
"APX-0288","Deyaar Development PJSC","Commercial Real Estate","Dubai","UAE","+971 4 395 7700","marketing@deyaar.ae","96","Ready for Outreach","https://wa.me/97143957700?text=Hi%20Deyaar%20Development%20PJSC%20Team!%20%F0%9F%91%8B%20We%20help%20luxury%20brands%20%26%20real%20estate%20developers%20in%20Dubai%20acquire%20high-net-worth%20buyers%20through%20hyper-targeted%20performance%20funnels%20(verified%204.8x%20ROAS).%20Are%20you%20looking%20to%20scale%20buyer%20acquisition%20this%20month%3F","High-Net-Worth Buyer Acquisition Funnel for Deyaar Development PJSC (Dubai)","Hi Deyaar Development PJSC Team! 👋 We help luxury brands & real estate developers in Dubai acquire high-net-worth buyers through hyper-targeted performance funnels (verified 4.8x ROAS). Are you looking to scale buyer acquisition this month?"
"APX-0289","Al Tayer Group Dubai","Luxury Automotive & Retail","Dubai","UAE","+971 4 201 1111","events@altayer.com","98","Ready for Outreach","https://wa.me/97142011111?text=Hi%20Al%20Tayer%20Group%20Dubai%20Team!%20%F0%9F%91%8B%20We%20help%20luxury%20brands%20%26%20real%20estate%20developers%20in%20Dubai%20acquire%20high-net-worth%20buyers%20through%20hyper-targeted%20performance%20funnels%20(verified%204.8x%20ROAS).%20Are%20you%20looking%20to%20scale%20buyer%20acquisition%20this%20month%3F","High-Net-Worth Buyer Acquisition Funnel for Al Tayer Group Dubai (Dubai)","Hi Al Tayer Group Dubai Team! 👋 We help luxury brands & real estate developers in Dubai acquire high-net-worth buyers through hyper-targeted performance funnels (verified 4.8x ROAS). Are you looking to scale buyer acquisition this month?"
"APX-0290","dnata International Cargo & Catering","Aviation & Airport Logistics","Dubai","UAE","+971 4 218 1111","corporate.comm@dnata.com","98","Ready for Outreach","https://wa.me/97142181111?text=Hi%20dnata%20International%20Cargo%20%26%20Catering%20Team!%20%F0%9F%91%8B%20We%20help%20luxury%20brands%20%26%20real%20estate%20developers%20in%20Dubai%20acquire%20high-net-worth%20buyers%20through%20hyper-targeted%20performance%20funnels%20(verified%204.8x%20ROAS).%20Are%20you%20looking%20to%20scale%20buyer%20acquisition%20this%20month%3F","High-Net-Worth Buyer Acquisition Funnel for dnata International Cargo & Catering (Dubai)","Hi dnata International Cargo & Catering Team! 👋 We help luxury brands & real estate developers in Dubai acquire high-net-worth buyers through hyper-targeted performance funnels (verified 4.8x ROAS). Are you looking to scale buyer acquisition this month?"
"APX-0291","Luxury Escapes Middle East","Luxury Travel Agency","Dubai","UAE","+971 4 586 7000","partnerships.me@luxuryescapes.com","94","Ready for Outreach","https://wa.me/97145867000?text=Hi%20Luxury%20Escapes%20Middle%20East%20Team!%20%F0%9F%91%8B%20We%20help%20luxury%20brands%20%26%20real%20estate%20developers%20in%20Dubai%20acquire%20high-net-worth%20buyers%20through%20hyper-targeted%20performance%20funnels%20(verified%204.8x%20ROAS).%20Are%20you%20looking%20to%20scale%20buyer%20acquisition%20this%20month%3F","High-Net-Worth Buyer Acquisition Funnel for Luxury Escapes Middle East (Dubai)","Hi Luxury Escapes Middle East Team! 👋 We help luxury brands & real estate developers in Dubai acquire high-net-worth buyers through hyper-targeted performance funnels (verified 4.8x ROAS). Are you looking to scale buyer acquisition this month?"
"APX-0292","SHUAA Capital PSC","Financial Services & Investment","Dubai","UAE","+971 4 365 1800","info@shuaa.com","96","Ready for Outreach","https://wa.me/97143651800?text=Hi%20SHUAA%20Capital%20PSC%20Team!%20%F0%9F%91%8B%20We%20help%20luxury%20brands%20%26%20real%20estate%20developers%20in%20Dubai%20acquire%20high-net-worth%20buyers%20through%20hyper-targeted%20performance%20funnels%20(verified%204.8x%20ROAS).%20Are%20you%20looking%20to%20scale%20buyer%20acquisition%20this%20month%3F","High-Net-Worth Buyer Acquisition Funnel for SHUAA Capital PSC (Dubai)","Hi SHUAA Capital PSC Team! 👋 We help luxury brands & real estate developers in Dubai acquire high-net-worth buyers through hyper-targeted performance funnels (verified 4.8x ROAS). Are you looking to scale buyer acquisition this month?"
"APX-0293","Microsoft India Global Technical Center","Global Tech Conglomerate","Bangalore","India","+91 80 4010 3000","india_events@microsoft.com","99","Ready for Outreach","https://wa.me/918040103000?text=Hi%20Microsoft%20India%20Global%20Technical%20Center%20Leadership!%20%F0%9F%91%8B%20I%20am%20Ismail%20Kazia%2C%20Founder%20of%20GALICON.%20We%20deliver%20turnkey%20corporate%20event%20production%20across%20Bangalore%20(The%20Leela%20Palace%2C%20ITC%20Gardenia%2C%20BIEC)%20with%20curved%204K%20LED%20staging%2C%20concert%20sound%20%26%20VIP%20protocol.%20Planning%20any%20tech%20summit%20or%20team%20conclave%20this%20quarter%3F%20Let's%20connect!","Exclusive Corporate Summit & Staging Production for Microsoft India Global Technical Center (Bangalore)","Hi Microsoft India Global Technical Center Leadership! 👋 I am Ismail Kazia, Founder of GALICON. We deliver turnkey corporate event production across Bangalore (The Leela Palace, ITC Gardenia, BIEC) with curved 4K LED staging, concert sound & VIP protocol. Planning any tech summit or team conclave this quarter? Let's connect!"
"APX-0294","Apple India Technology Center Bangalore","Global Consumer Tech","Bangalore","India","+91 80 4045 5000","corporate_events@apple.com","99","Ready for Outreach","https://wa.me/918040455000?text=Hi%20Apple%20India%20Technology%20Center%20Bangalore%20Leadership!%20%F0%9F%91%8B%20I%20am%20Ismail%20Kazia%2C%20Founder%20of%20GALICON.%20We%20deliver%20turnkey%20corporate%20event%20production%20across%20Bangalore%20(The%20Leela%20Palace%2C%20ITC%20Gardenia%2C%20BIEC)%20with%20curved%204K%20LED%20staging%2C%20concert%20sound%20%26%20VIP%20protocol.%20Planning%20any%20tech%20summit%20or%20team%20conclave%20this%20quarter%3F%20Let's%20connect!","Exclusive Corporate Summit & Staging Production for Apple India Technology Center Bangalore (Bangalore)","Hi Apple India Technology Center Bangalore Leadership! 👋 I am Ismail Kazia, Founder of GALICON. We deliver turnkey corporate event production across Bangalore (The Leela Palace, ITC Gardenia, BIEC) with curved 4K LED staging, concert sound & VIP protocol. Planning any tech summit or team conclave this quarter? Let's connect!"
"APX-0295","Mercedes-Benz R&D India (MBRDI)","Automotive R&D Global","Bangalore","India","+91 80 6768 6000","mbrdi_events@mercedes-benz.com","98","Ready for Outreach","https://wa.me/918067686000?text=Hi%20Mercedes-Benz%20R%26D%20India%20(MBRDI)%20Leadership!%20%F0%9F%91%8B%20I%20am%20Ismail%20Kazia%2C%20Founder%20of%20GALICON.%20We%20deliver%20turnkey%20corporate%20event%20production%20across%20Bangalore%20(The%20Leela%20Palace%2C%20ITC%20Gardenia%2C%20BIEC)%20with%20curved%204K%20LED%20staging%2C%20concert%20sound%20%26%20VIP%20protocol.%20Planning%20any%20tech%20summit%20or%20team%20conclave%20this%20quarter%3F%20Let's%20connect!","Exclusive Corporate Summit & Staging Production for Mercedes-Benz R&D India (MBRDI) (Bangalore)","Hi Mercedes-Benz R&D India (MBRDI) Leadership! 👋 I am Ismail Kazia, Founder of GALICON. We deliver turnkey corporate event production across Bangalore (The Leela Palace, ITC Gardenia, BIEC) with curved 4K LED staging, concert sound & VIP protocol. Planning any tech summit or team conclave this quarter? Let's connect!"
"APX-0296","Boeing India Engineering & Technology Center","Aerospace Engineering Center","Bangalore","India","+91 80 6742 0000","corporate.india@boeing.com","99","Ready for Outreach","https://wa.me/918067420000?text=Hi%20Boeing%20India%20Engineering%20%26%20Technology%20Center%20Leadership!%20%F0%9F%91%8B%20I%20am%20Ismail%20Kazia%2C%20Founder%20of%20GALICON.%20We%20deliver%20turnkey%20corporate%20event%20production%20across%20Bangalore%20(The%20Leela%20Palace%2C%20ITC%20Gardenia%2C%20BIEC)%20with%20curved%204K%20LED%20staging%2C%20concert%20sound%20%26%20VIP%20protocol.%20Planning%20any%20tech%20summit%20or%20team%20conclave%20this%20quarter%3F%20Let's%20connect!","Exclusive Corporate Summit & Staging Production for Boeing India Engineering & Technology Center (Bangalore)","Hi Boeing India Engineering & Technology Center Leadership! 👋 I am Ismail Kazia, Founder of GALICON. We deliver turnkey corporate event production across Bangalore (The Leela Palace, ITC Gardenia, BIEC) with curved 4K LED staging, concert sound & VIP protocol. Planning any tech summit or team conclave this quarter? Let's connect!"
"APX-0297","Qualcomm India Bangalore Design Center","Semiconductor Giant","Bangalore","India","+91 80 6646 0000","events.qualcomm@qualcomm.com","98","Ready for Outreach","https://wa.me/918066460000?text=Hi%20Qualcomm%20India%20Bangalore%20Design%20Center%20Leadership!%20%F0%9F%91%8B%20I%20am%20Ismail%20Kazia%2C%20Founder%20of%20GALICON.%20We%20deliver%20turnkey%20corporate%20event%20production%20across%20Bangalore%20(The%20Leela%20Palace%2C%20ITC%20Gardenia%2C%20BIEC)%20with%20curved%204K%20LED%20staging%2C%20concert%20sound%20%26%20VIP%20protocol.%20Planning%20any%20tech%20summit%20or%20team%20conclave%20this%20quarter%3F%20Let's%20connect!","Exclusive Corporate Summit & Staging Production for Qualcomm India Bangalore Design Center (Bangalore)","Hi Qualcomm India Bangalore Design Center Leadership! 👋 I am Ismail Kazia, Founder of GALICON. We deliver turnkey corporate event production across Bangalore (The Leela Palace, ITC Gardenia, BIEC) with curved 4K LED staging, concert sound & VIP protocol. Planning any tech summit or team conclave this quarter? Let's connect!"
"APX-0298","Intel India Technology Center","Semiconductor Global HQ","Bangalore","India","+91 80 2507 5000","india.events@intel.com","98","Ready for Outreach","https://wa.me/918025075000?text=Hi%20Intel%20India%20Technology%20Center%20Leadership!%20%F0%9F%91%8B%20I%20am%20Ismail%20Kazia%2C%20Founder%20of%20GALICON.%20We%20deliver%20turnkey%20corporate%20event%20production%20across%20Bangalore%20(The%20Leela%20Palace%2C%20ITC%20Gardenia%2C%20BIEC)%20with%20curved%204K%20LED%20staging%2C%20concert%20sound%20%26%20VIP%20protocol.%20Planning%20any%20tech%20summit%20or%20team%20conclave%20this%20quarter%3F%20Let's%20connect!","Exclusive Corporate Summit & Staging Production for Intel India Technology Center (Bangalore)","Hi Intel India Technology Center Leadership! 👋 I am Ismail Kazia, Founder of GALICON. We deliver turnkey corporate event production across Bangalore (The Leela Palace, ITC Gardenia, BIEC) with curved 4K LED staging, concert sound & VIP protocol. Planning any tech summit or team conclave this quarter? Let's connect!"
"APX-0299","Target India Technology Center","Retail Tech Innovation Hub","Bangalore","India","+91 80 4032 1000","target_events@target.com","97","Ready for Outreach","https://wa.me/918040321000?text=Hi%20Target%20India%20Technology%20Center%20Leadership!%20%F0%9F%91%8B%20I%20am%20Ismail%20Kazia%2C%20Founder%20of%20GALICON.%20We%20deliver%20turnkey%20corporate%20event%20production%20across%20Bangalore%20(The%20Leela%20Palace%2C%20ITC%20Gardenia%2C%20BIEC)%20with%20curved%204K%20LED%20staging%2C%20concert%20sound%20%26%20VIP%20protocol.%20Planning%20any%20tech%20summit%20or%20team%20conclave%20this%20quarter%3F%20Let's%20connect!","Exclusive Corporate Summit & Staging Production for Target India Technology Center (Bangalore)","Hi Target India Technology Center Leadership! 👋 I am Ismail Kazia, Founder of GALICON. We deliver turnkey corporate event production across Bangalore (The Leela Palace, ITC Gardenia, BIEC) with curved 4K LED staging, concert sound & VIP protocol. Planning any tech summit or team conclave this quarter? Let's connect!"
"APX-0300","Lowe's India Innovation Hub","Home Improvement Retail Tech","Bangalore","India","+91 80 6758 0000","india.events@lowes.com","96","Ready for Outreach","https://wa.me/918067580000?text=Hi%20Lowe's%20India%20Innovation%20Hub%20Leadership!%20%F0%9F%91%8B%20I%20am%20Ismail%20Kazia%2C%20Founder%20of%20GALICON.%20We%20deliver%20turnkey%20corporate%20event%20production%20across%20Bangalore%20(The%20Leela%20Palace%2C%20ITC%20Gardenia%2C%20BIEC)%20with%20curved%204K%20LED%20staging%2C%20concert%20sound%20%26%20VIP%20protocol.%20Planning%20any%20tech%20summit%20or%20team%20conclave%20this%20quarter%3F%20Let's%20connect!","Exclusive Corporate Summit & Staging Production for Lowe's India Innovation Hub (Bangalore)","Hi Lowe's India Innovation Hub Leadership! 👋 I am Ismail Kazia, Founder of GALICON. We deliver turnkey corporate event production across Bangalore (The Leela Palace, ITC Gardenia, BIEC) with curved 4K LED staging, concert sound & VIP protocol. Planning any tech summit or team conclave this quarter? Let's connect!"
"APX-0301","Hilton Bangalore Embassy GolfLinks","Ultra-Luxury Hotel Venue Partner","Bangalore","India","+91 80 6679 9999","events.bangalore@hilton.com","98","Ready for Outreach","https://wa.me/918066799999?text=Hi%20Hilton%20Bangalore%20Embassy%20GolfLinks%20Leadership!%20%F0%9F%91%8B%20I%20am%20Ismail%20Kazia%2C%20Founder%20of%20GALICON.%20We%20deliver%20turnkey%20corporate%20event%20production%20across%20Bangalore%20(The%20Leela%20Palace%2C%20ITC%20Gardenia%2C%20BIEC)%20with%20curved%204K%20LED%20staging%2C%20concert%20sound%20%26%20VIP%20protocol.%20Planning%20any%20tech%20summit%20or%20team%20conclave%20this%20quarter%3F%20Let's%20connect!","Exclusive Corporate Summit & Staging Production for Hilton Bangalore Embassy GolfLinks (Bangalore)","Hi Hilton Bangalore Embassy GolfLinks Leadership! 👋 I am Ismail Kazia, Founder of GALICON. We deliver turnkey corporate event production across Bangalore (The Leela Palace, ITC Gardenia, BIEC) with curved 4K LED staging, concert sound & VIP protocol. Planning any tech summit or team conclave this quarter? Let's connect!"
"APX-0302","The Oberoi, Bengaluru","Luxury Heritage Hotel Venue","Bangalore","India","+91 80 2558 5858","events.tobl@oberoihotels.com","99","Ready for Outreach","https://wa.me/918025585858?text=Hi%20The%20Oberoi%2C%20Bengaluru%20Leadership!%20%F0%9F%91%8B%20I%20am%20Ismail%20Kazia%2C%20Founder%20of%20GALICON.%20We%20deliver%20turnkey%20corporate%20event%20production%20across%20Bangalore%20(The%20Leela%20Palace%2C%20ITC%20Gardenia%2C%20BIEC)%20with%20curved%204K%20LED%20staging%2C%20concert%20sound%20%26%20VIP%20protocol.%20Planning%20any%20tech%20summit%20or%20team%20conclave%20this%20quarter%3F%20Let's%20connect!","Exclusive Corporate Summit & Staging Production for The Oberoi, Bengaluru (Bangalore)","Hi The Oberoi, Bengaluru Leadership! 👋 I am Ismail Kazia, Founder of GALICON. We deliver turnkey corporate event production across Bangalore (The Leela Palace, ITC Gardenia, BIEC) with curved 4K LED staging, concert sound & VIP protocol. Planning any tech summit or team conclave this quarter? Let's connect!"
"APX-0303","Reliance Jio Infocomm Limited","Telecom & Digital Ecosystem","Mumbai","India","+91 22 4477 7777","enterprise@jio.com","99","Ready for Outreach","https://wa.me/912244777777?text=Hi%20Reliance%20Jio%20Infocomm%20Limited%20Marketing%20Team!%20%F0%9F%91%8B%20We%20help%20high-growth%20companies%20in%20Mumbai%20scale%20revenue%20with%20high-speed%20web%20apps%2C%20AI%20automation%20bots%20%26%20performance%20marketing.%20Are%20you%20planning%20any%20major%20scaling%20pushes%20this%20quarter%3F","Growth Engineering & AI Performance Funnels for Reliance Jio Infocomm Limited","Hi Reliance Jio Infocomm Limited Marketing Team! 👋 We help high-growth companies in Mumbai scale revenue with high-speed web apps, AI automation bots & performance marketing. Are you planning any major scaling pushes this quarter?"
"APX-0304","LTIMindtree Limited","IT Services & Consulting Giant","Mumbai","India","+91 22 6776 6776","events@ltimindtree.com","98","Ready for Outreach","https://wa.me/912267766776?text=Hi%20LTIMindtree%20Limited%20Marketing%20Team!%20%F0%9F%91%8B%20We%20help%20high-growth%20companies%20in%20Mumbai%20scale%20revenue%20with%20high-speed%20web%20apps%2C%20AI%20automation%20bots%20%26%20performance%20marketing.%20Are%20you%20planning%20any%20major%20scaling%20pushes%20this%20quarter%3F","Growth Engineering & AI Performance Funnels for LTIMindtree Limited","Hi LTIMindtree Limited Marketing Team! 👋 We help high-growth companies in Mumbai scale revenue with high-speed web apps, AI automation bots & performance marketing. Are you planning any major scaling pushes this quarter?"
"APX-0305","Godrej Consumer Products Limited","FMCG & Consumer Goods","Mumbai","India","+91 22 2518 8010","gcpl.marketing@godrejcp.com","97","Ready for Outreach","https://wa.me/912225188010?text=Hi%20Godrej%20Consumer%20Products%20Limited%20Marketing%20Team!%20%F0%9F%91%8B%20We%20help%20high-growth%20companies%20in%20Mumbai%20scale%20revenue%20with%20high-speed%20web%20apps%2C%20AI%20automation%20bots%20%26%20performance%20marketing.%20Are%20you%20planning%20any%20major%20scaling%20pushes%20this%20quarter%3F","Growth Engineering & AI Performance Funnels for Godrej Consumer Products Limited","Hi Godrej Consumer Products Limited Marketing Team! 👋 We help high-growth companies in Mumbai scale revenue with high-speed web apps, AI automation bots & performance marketing. Are you planning any major scaling pushes this quarter?"
"APX-0306","Marico Limited","Consumer Goods & Beauty","Mumbai","India","+91 22 6648 0480","brand@marico.com","96","Ready for Outreach","https://wa.me/912266480480?text=Hi%20Marico%20Limited%20Marketing%20Team!%20%F0%9F%91%8B%20We%20help%20high-growth%20companies%20in%20Mumbai%20scale%20revenue%20with%20high-speed%20web%20apps%2C%20AI%20automation%20bots%20%26%20performance%20marketing.%20Are%20you%20planning%20any%20major%20scaling%20pushes%20this%20quarter%3F","Growth Engineering & AI Performance Funnels for Marico Limited","Hi Marico Limited Marketing Team! 👋 We help high-growth companies in Mumbai scale revenue with high-speed web apps, AI automation bots & performance marketing. Are you planning any major scaling pushes this quarter?"
"APX-0307","Titan Company Limited","Lifestyle & Luxury Watches","Bangalore","India","+91 80 6704 7000","corpcomm@titan.co.in","98","Ready for Outreach","https://wa.me/918067047000?text=Hi%20Titan%20Company%20Limited%20Leadership!%20%F0%9F%91%8B%20I%20am%20Ismail%20Kazia%2C%20Founder%20of%20GALICON.%20We%20deliver%20turnkey%20corporate%20event%20production%20across%20Bangalore%20(The%20Leela%20Palace%2C%20ITC%20Gardenia%2C%20BIEC)%20with%20curved%204K%20LED%20staging%2C%20concert%20sound%20%26%20VIP%20protocol.%20Planning%20any%20tech%20summit%20or%20team%20conclave%20this%20quarter%3F%20Let's%20connect!","Exclusive Corporate Summit & Staging Production for Titan Company Limited (Bangalore)","Hi Titan Company Limited Leadership! 👋 I am Ismail Kazia, Founder of GALICON. We deliver turnkey corporate event production across Bangalore (The Leela Palace, ITC Gardenia, BIEC) with curved 4K LED staging, concert sound & VIP protocol. Planning any tech summit or team conclave this quarter? Let's connect!"
"APX-0308","Lenskart Solutions Private Limited","Omnichannel Eyewear Unicorn","Delhi NCR","India","+91 12 4478 8000","partnerships@lenskart.com","97","Ready for Outreach","https://wa.me/911244788000?text=Hi%20Lenskart%20Solutions%20Private%20Limited%20Marketing%20Team!%20%F0%9F%91%8B%20We%20help%20high-growth%20companies%20in%20Delhi%20NCR%20scale%20revenue%20with%20high-speed%20web%20apps%2C%20AI%20automation%20bots%20%26%20performance%20marketing.%20Are%20you%20planning%20any%20major%20scaling%20pushes%20this%20quarter%3F","Growth Engineering & AI Performance Funnels for Lenskart Solutions Private Limited","Hi Lenskart Solutions Private Limited Marketing Team! 👋 We help high-growth companies in Delhi NCR scale revenue with high-speed web apps, AI automation bots & performance marketing. Are you planning any major scaling pushes this quarter?"
"APX-0309","Zepto (KiranaKart Technologies)","Quick Commerce Unicorn","Mumbai","India","+91 22 6900 1200","marketing@zepto.in","98","Ready for Outreach","https://wa.me/912269001200?text=Hi%20Zepto%20(KiranaKart%20Technologies)%20Marketing%20Team!%20%F0%9F%91%8B%20We%20help%20high-growth%20companies%20in%20Mumbai%20scale%20revenue%20with%20high-speed%20web%20apps%2C%20AI%20automation%20bots%20%26%20performance%20marketing.%20Are%20you%20planning%20any%20major%20scaling%20pushes%20this%20quarter%3F","Growth Engineering & AI Performance Funnels for Zepto (KiranaKart Technologies)","Hi Zepto (KiranaKart Technologies) Marketing Team! 👋 We help high-growth companies in Mumbai scale revenue with high-speed web apps, AI automation bots & performance marketing. Are you planning any major scaling pushes this quarter?"
"APX-0310","Spinny (Valuedrive Technologies)","Used Car Retailing Unicorn","Delhi NCR","India","+91 12 4469 0000","corporate@spinny.com","95","Ready for Outreach","https://wa.me/911244690000?text=Hi%20Spinny%20(Valuedrive%20Technologies)%20Marketing%20Team!%20%F0%9F%91%8B%20We%20help%20high-growth%20companies%20in%20Delhi%20NCR%20scale%20revenue%20with%20high-speed%20web%20apps%2C%20AI%20automation%20bots%20%26%20performance%20marketing.%20Are%20you%20planning%20any%20major%20scaling%20pushes%20this%20quarter%3F","Growth Engineering & AI Performance Funnels for Spinny (Valuedrive Technologies)","Hi Spinny (Valuedrive Technologies) Marketing Team! 👋 We help high-growth companies in Delhi NCR scale revenue with high-speed web apps, AI automation bots & performance marketing. Are you planning any major scaling pushes this quarter?"
"APX-0311","Angel One Limited","Fintech & Wealth Management","Mumbai","India","+91 22 3806 0000","partnerships@angelone.in","96","Ready for Outreach","https://wa.me/912238060000?text=Hi%20Angel%20One%20Limited%20Marketing%20Team!%20%F0%9F%91%8B%20We%20help%20high-growth%20companies%20in%20Mumbai%20scale%20revenue%20with%20high-speed%20web%20apps%2C%20AI%20automation%20bots%20%26%20performance%20marketing.%20Are%20you%20planning%20any%20major%20scaling%20pushes%20this%20quarter%3F","Growth Engineering & AI Performance Funnels for Angel One Limited","Hi Angel One Limited Marketing Team! 👋 We help high-growth companies in Mumbai scale revenue with high-speed web apps, AI automation bots & performance marketing. Are you planning any major scaling pushes this quarter?"
"APX-0312","Motilal Oswal Financial Services","Investment Banking & Capital Markets","Mumbai","India","+91 22 7193 4200","corporate@motilaloswal.com","97","Ready for Outreach","https://wa.me/912271934200?text=Hi%20Motilal%20Oswal%20Financial%20Services%20Marketing%20Team!%20%F0%9F%91%8B%20We%20help%20high-growth%20companies%20in%20Mumbai%20scale%20revenue%20with%20high-speed%20web%20apps%2C%20AI%20automation%20bots%20%26%20performance%20marketing.%20Are%20you%20planning%20any%20major%20scaling%20pushes%20this%20quarter%3F","Growth Engineering & AI Performance Funnels for Motilal Oswal Financial Services","Hi Motilal Oswal Financial Services Marketing Team! 👋 We help high-growth companies in Mumbai scale revenue with high-speed web apps, AI automation bots & performance marketing. Are you planning any major scaling pushes this quarter?"